CustomerID,Name,Age,City,Email,SignupDate,TotalSpent
1000,Customer_1000,,Izmir,customer1000@email.com,2023-01-01,4969
1001,Customer_1001,69.0,Antalya,customer1001@email.com,2023-01-02,4109
1002,Customer_1002,46.0,Ankara,customer1002@email.com,2023-01-03,2134
1003,Customer_1003,32.0,Istanbul,customer1003@email.com,2023-01-04,3595
1004,Customer_1004,60.0,Izmir,customer1004@email.com,2023-01-05,2956
1005,Customer_1005,25.0,Izmir,customer1005@email.com,2023-01-06,1560
1006,Customer_1006,78.0,Istanbul,customer1006@email.com,2023-01-07,1266
1007,Customer_1007,38.0,Antalya,customer1007@email.com,2023-01-08,2169
1008,Customer_1008,56.0,Istanbul,customer1008@email.com,2023-01-09,3638
1009,Customer_1009,75.0,Ankara,customer1009@email.com,2023-01-10,749
1010,Customer_1010,36.0,Istanbul,customer1010@email.com,2023-01-11,3427
1011,Customer_1011,40.0,Izmir,customer1011@email.com,2023-01-12,4780
1012,Customer_1012,28.0,Istanbul,customer1012@email.com,2023-01-13,1927
1013,Customer_1013,28.0,Antalya,customer1013@email.com,2023-01-14,3804
1014,Customer_1014,41.0,Bursa,customer1014@email.com,2023-01-15,3702
1015,Customer_1015,70.0,Istanbul,customer1015@email.com,2023-01-16,2356
1016,Customer_1016,53.0,Antalya,customer1016@email.com,2023-01-17,4790
1017,Customer_1017,57.0,Antalya,customer1017@email.com,2023-01-18,2335
1018,Customer_1018,41.0,Izmir,customer1018@email.com,2023-01-19,306
1019,Customer_1019,20.0,Antalya,customer1019@email.com,2023-01-20,3665
1020,Customer_1020,39.0,Antalya,customer1020@email.com,2023-01-21,1989
1021,Customer_1021,70.0,Antalya,customer1021@email.com,2023-01-22,661
1022,Customer_1022,19.0,Antalya,customer1022@email.com,2023-01-23,4644
1023,Customer_1023,41.0,Ankara,customer1023@email.com,2023-01-24,311
1024,Customer_1024,61.0,Ankara,customer1024@email.com,2023-01-25,2920
1025,Customer_1025,47.0,Izmir,customer1025@email.com,2023-01-26,1082
1026,Customer_1026,55.0,Istanbul,customer1026@email.com,2023-01-27,2971
1027,Customer_1027,19.0,Antalya,customer1027@email.com,2023-01-28,754
1028,Customer_1028,77.0,Istanbul,customer1028@email.com,2023-01-29,4130
1029,Customer_1029,38.0,Istanbul,customer1029@email.com,2023-01-30,4540
1030,Customer_1030,50.0,Izmir,customer1030@email.com,2023-01-31,352
1031,Customer_1031,29.0,Antalya,customer1031@email.com,2023-02-01,902
1032,Customer_1032,75.0,Antalya,customer1032@email.com,2023-02-02,3888
1033,Customer_1033,39.0,Bursa,customer1033@email.com,2023-02-03,158
1034,Customer_1034,78.0,Istanbul,customer1034@email.com,2023-02-04,1977
1035,Customer_1035,61.0,Istanbul,customer1035@email.com,2023-02-05,956
1036,Customer_1036,42.0,Ankara,customer1036@email.com,2023-02-06,2071
1037,Customer_1037,66.0,Bursa,customer1037@email.com,2023-02-07,403
1038,Customer_1038,44.0,Ankara,customer1038@email.com,2023-02-08,4611
1039,Customer_1039,76.0,Ankara,customer1039@email.com,2023-02-09,2779
1040,Customer_1040,,Ankara,customer1040@email.com,2023-02-10,1387
1041,Customer_1041,45.0,Izmir,customer1041@email.com,2023-02-11,3453
1042,Customer_1042,77.0,Izmir,customer1042@email.com,2023-02-12,955
1043,Customer_1043,33.0,Ankara,customer1043@email.com,2023-02-13,1712
1044,Customer_1044,32.0,Bursa,customer1044@email.com,2023-02-14,4703
1045,Customer_1045,79.0,Istanbul,customer1045@email.com,2023-02-15,1273
1046,Customer_1046,,Bursa,customer1046@email.com,2023-02-16,3811
1047,Customer_1047,64.0,Antalya,customer1047@email.com,2023-02-17,2625
1048,Customer_1048,79.0,Izmir,customer1048@email.com,2023-02-18,2382
1049,Customer_1049,68.0,Istanbul,customer1049@email.com,2023-02-19,1441
1050,Customer_1050,61.0,Istanbul,customer1050@email.com,2023-02-20,2979
1051,Customer_1051,72.0,Antalya,customer1051@email.com,2023-02-21,1797
1052,Customer_1052,69.0,Antalya,customer1052@email.com,2023-02-22,4390
1053,Customer_1053,74.0,Ankara,customer1053@email.com,2023-02-23,4009
1054,Customer_1054,20.0,Izmir,customer1054@email.com,2023-02-24,4850
1055,Customer_1055,54.0,Izmir,customer1055@email.com,2023-02-25,1394
1056,Customer_1056,68.0,Bursa,customer1056@email.com,2023-02-26,4281
1057,Customer_1057,24.0,Ankara,customer1057@email.com,2023-02-27,1269
1058,Customer_1058,38.0,Ankara,customer1058@email.com,2023-02-28,4732
1059,Customer_1059,26.0,Ankara,customer1059@email.com,2023-03-01,3714
1060,Customer_1060,56.0,Ankara,customer1060@email.com,2023-03-02,529
1061,Customer_1061,35.0,Izmir,customer1061@email.com,2023-03-03,3623
1062,Customer_1062,21.0,Izmir,customer1062@email.com,2023-03-04,2958
1063,Customer_1063,42.0,Ankara,customer1063@email.com,2023-03-05,2914
1064,Customer_1064,77.0,Bursa,customer1064@email.com,2023-03-06,4889
1065,Customer_1065,,Istanbul,customer1065@email.com,2023-03-07,3591
1066,Customer_1066,67.0,Istanbul,customer1066@email.com,2023-03-08,2147
1067,Customer_1067,75.0,Bursa,customer1067@email.com,2023-03-09,4573
1068,Customer_1068,26.0,Ankara,customer1068@email.com,2023-03-10,3369
1069,Customer_1069,43.0,Izmir,customer1069@email.com,2023-03-11,939
1070,Customer_1070,70.0,Istanbul,customer1070@email.com,2023-03-12,525
1071,Customer_1071,19.0,Antalya,customer1071@email.com,2023-03-13,1
1072,Customer_1072,37.0,Antalya,customer1072@email.com,2023-03-14,374
1073,Customer_1073,45.0,Bursa,customer1073@email.com,2023-03-15,2340
1074,Customer_1074,,Ankara,customer1074@email.com,2023-03-16,4005
1075,Customer_1075,77.0,Istanbul,customer1075@email.com,2023-03-17,3052
1076,Customer_1076,24.0,Ankara,customer1076@email.com,2023-03-18,4648
1077,Customer_1077,61.0,Istanbul,customer1077@email.com,2023-03-19,2365
1078,Customer_1078,78.0,Bursa,customer1078@email.com,2023-03-20,1525
1079,Customer_1079,25.0,Bursa,customer1079@email.com,2023-03-21,4476
1080,Customer_1080,64.0,Antalya,customer1080@email.com,2023-03-22,1646
1081,Customer_1081,52.0,Ankara,customer1081@email.com,2023-03-23,13
1082,Customer_1082,31.0,Antalya,customer1082@email.com,2023-03-24,4599
1083,Customer_1083,34.0,Ankara,customer1083@email.com,2023-03-25,2278
1084,Customer_1084,53.0,Antalya,customer1084@email.com,2023-03-26,3155
1085,Customer_1085,67.0,Izmir,customer1085@email.com,2023-03-27,129
1086,Customer_1086,57.0,Izmir,customer1086@email.com,2023-03-28,3814
1087,Customer_1087,21.0,Izmir,customer1087@email.com,2023-03-29,4933
1088,Customer_1088,19.0,Izmir,customer1088@email.com,2023-03-30,3216
1089,Customer_1089,79.0,Istanbul,customer1089@email.com,2023-03-31,2938
1090,Customer_1090,23.0,Izmir,customer1090@email.com,2023-04-01,3928
1091,Customer_1091,71.0,Bursa,customer1091@email.com,2023-04-02,2040
1092,Customer_1092,59.0,Bursa,customer1092@email.com,2023-04-03,27
1093,Customer_1093,21.0,Istanbul,customer1093@email.com,2023-04-04,2113
1094,Customer_1094,71.0,Izmir,customer1094@email.com,2023-04-05,1252
1095,Customer_1095,46.0,Izmir,customer1095@email.com,2023-04-06,4356
1096,Customer_1096,35.0,Izmir,customer1096@email.com,2023-04-07,2046
1097,Customer_1097,43.0,Antalya,customer1097@email.com,2023-04-08,4555
1098,Customer_1098,61.0,Ankara,customer1098@email.com,2023-04-09,4023
1099,Customer_1099,51.0,Antalya,customer1099@email.com,2023-04-10,4396
1100,Customer_1100,27.0,Ankara,customer1100@email.com,2023-04-11,3374
1101,Customer_1101,79.0,Izmir,customer1101@email.com,2023-04-12,3466
1102,Customer_1102,53.0,Izmir,customer1102@email.com,2023-04-13,3081
1103,Customer_1103,31.0,Antalya,customer1103@email.com,2023-04-14,3778
1104,Customer_1104,48.0,Antalya,customer1104@email.com,2023-04-15,629
1105,Customer_1105,65.0,Ankara,customer1105@email.com,2023-04-16,269
1106,Customer_1106,32.0,Bursa,customer1106@email.com,2023-04-17,2639
1107,Customer_1107,25.0,Ankara,customer1107@email.com,2023-04-18,1993
1108,Customer_1108,31.0,Antalya,customer1108@email.com,2023-04-19,2891
1109,Customer_1109,40.0,Antalya,customer1109@email.com,2023-04-20,4957
1110,Customer_1110,77.0,Istanbul,customer1110@email.com,2023-04-21,3432
1111,Customer_1111,74.0,Antalya,customer1111@email.com,2023-04-22,1280
1112,Customer_1112,79.0,Istanbul,customer1112@email.com,2023-04-23,2360
1113,Customer_1113,57.0,Bursa,customer1113@email.com,2023-04-24,575
1114,Customer_1114,,Ankara,customer1114@email.com,2023-04-25,1307
1115,Customer_1115,33.0,Ankara,customer1115@email.com,2023-04-26,3192
1116,Customer_1116,62.0,Istanbul,customer1116@email.com,2023-04-27,3178
1117,Customer_1117,35.0,Ankara,customer1117@email.com,2023-04-28,2734
1118,Customer_1118,64.0,Antalya,customer1118@email.com,2023-04-29,2212
1119,Customer_1119,70.0,Izmir,customer1119@email.com,2023-04-30,2352
1120,Customer_1120,41.0,Istanbul,customer1120@email.com,2023-05-01,3568
1121,Customer_1121,43.0,Ankara,customer1121@email.com,2023-05-02,1655
1122,Customer_1122,42.0,Istanbul,customer1122@email.com,2023-05-03,1579
1123,Customer_1123,,Istanbul,customer1123@email.com,2023-05-04,2203
1124,Customer_1124,77.0,Izmir,customer1124@email.com,2023-05-05,1390
1125,Customer_1125,77.0,Antalya,customer1125@email.com,2023-05-06,1742
1126,Customer_1126,62.0,Istanbul,customer1126@email.com,2023-05-07,1925
1127,Customer_1127,58.0,Ankara,customer1127@email.com,2023-05-08,619
1128,Customer_1128,46.0,Bursa,customer1128@email.com,2023-05-09,1274
1129,Customer_1129,32.0,Istanbul,customer1129@email.com,2023-05-10,956
1130,Customer_1130,,Istanbul,customer1130@email.com,2023-05-11,1939
1131,Customer_1131,18.0,Izmir,customer1131@email.com,2023-05-12,3953
1132,Customer_1132,42.0,Antalya,customer1132@email.com,2023-05-13,2381
1133,Customer_1133,24.0,Bursa,customer1133@email.com,2023-05-14,968
1134,Customer_1134,26.0,Ankara,customer1134@email.com,2023-05-15,1316
1135,Customer_1135,41.0,Bursa,customer1135@email.com,2023-05-16,1043
1136,Customer_1136,18.0,Ankara,customer1136@email.com,2023-05-17,281
1137,Customer_1137,61.0,Antalya,customer1137@email.com,2023-05-18,2844
1138,Customer_1138,25.0,Ankara,customer1138@email.com,2023-05-19,1058
1139,Customer_1139,41.0,Izmir,customer1139@email.com,2023-05-20,4293
1140,Customer_1140,28.0,Izmir,customer1140@email.com,2023-05-21,2532
1141,Customer_1141,,Izmir,customer1141@email.com,2023-05-22,3828
1142,Customer_1142,,Izmir,customer1142@email.com,2023-05-23,1008
1143,Customer_1143,25.0,Bursa,customer1143@email.com,2023-05-24,1229
1144,Customer_1144,52.0,Antalya,customer1144@email.com,2023-05-25,1035
1145,Customer_1145,52.0,Ankara,customer1145@email.com,2023-05-26,4585
1146,Customer_1146,50.0,Ankara,customer1146@email.com,2023-05-27,275
1147,Customer_1147,76.0,Izmir,customer1147@email.com,2023-05-28,2740
1148,Customer_1148,22.0,Izmir,customer1148@email.com,2023-05-29,2289
1149,Customer_1149,59.0,Istanbul,customer1149@email.com,2023-05-30,1239
1150,Customer_1150,56.0,Antalya,customer1150@email.com,2023-05-31,125
1151,Customer_1151,75.0,Bursa,customer1151@email.com,2023-06-01,4065
1152,Customer_1152,58.0,Ankara,customer1152@email.com,2023-06-02,4312
1153,Customer_1153,45.0,Istanbul,customer1153@email.com,2023-06-03,3868
1154,Customer_1154,24.0,Istanbul,customer1154@email.com,2023-06-04,1208
1155,Customer_1155,,Ankara,customer1155@email.com,2023-06-05,3249
1156,Customer_1156,25.0,Bursa,customer1156@email.com,2023-06-06,918
1157,Customer_1157,29.0,Istanbul,customer1157@email.com,2023-06-07,3923
1158,Customer_1158,51.0,Istanbul,customer1158@email.com,2023-06-08,4403
1159,Customer_1159,50.0,Antalya,customer1159@email.com,2023-06-09,1969
1160,Customer_1160,65.0,Bursa,customer1160@email.com,2023-06-10,2793
1161,Customer_1161,72.0,Istanbul,customer1161@email.com,2023-06-11,891
1162,Customer_1162,40.0,Bursa,customer1162@email.com,2023-06-12,4470
1163,Customer_1163,79.0,Ankara,customer1163@email.com,2023-06-13,2033
1164,Customer_1164,41.0,Izmir,customer1164@email.com,2023-06-14,1364
1165,Customer_1165,54.0,Istanbul,customer1165@email.com,2023-06-15,128
1166,Customer_1166,52.0,Antalya,customer1166@email.com,2023-06-16,1014
1167,Customer_1167,61.0,Ankara,customer1167@email.com,2023-06-17,1799
1168,Customer_1168,57.0,Bursa,customer1168@email.com,2023-06-18,4612
1169,Customer_1169,39.0,Ankara,customer1169@email.com,2023-06-19,1518
1170,Customer_1170,44.0,Istanbul,customer1170@email.com,2023-06-20,4181
1171,Customer_1171,52.0,Bursa,customer1171@email.com,2023-06-21,1198
1172,Customer_1172,18.0,Izmir,customer1172@email.com,2023-06-22,3873
1173,Customer_1173,52.0,Ankara,customer1173@email.com,2023-06-23,2474
1174,Customer_1174,54.0,Istanbul,customer1174@email.com,2023-06-24,3485
1175,Customer_1175,,Antalya,customer1175@email.com,2023-06-25,4049
1176,Customer_1176,31.0,Bursa,customer1176@email.com,2023-06-26,3719
1177,Customer_1177,20.0,Ankara,customer1177@email.com,2023-06-27,302
1178,Customer_1178,18.0,Ankara,customer1178@email.com,2023-06-28,3952
1179,Customer_1179,22.0,Izmir,customer1179@email.com,2023-06-29,4683
1180,Customer_1180,43.0,Izmir,customer1180@email.com,2023-06-30,986
1181,Customer_1181,72.0,Antalya,customer1181@email.com,2023-07-01,1863
1182,Customer_1182,31.0,Antalya,customer1182@email.com,2023-07-02,4440
1183,Customer_1183,56.0,Istanbul,customer1183@email.com,2023-07-03,4909
1184,Customer_1184,44.0,Istanbul,customer1184@email.com,2023-07-04,3072
1185,Customer_1185,26.0,Antalya,customer1185@email.com,2023-07-05,3124
1186,Customer_1186,32.0,Antalya,customer1186@email.com,2023-07-06,1327
1187,Customer_1187,32.0,Bursa,customer1187@email.com,2023-07-07,2408
1188,Customer_1188,43.0,Izmir,customer1188@email.com,2023-07-08,3673
1189,Customer_1189,,Istanbul,customer1189@email.com,2023-07-09,3291
1190,Customer_1190,,Izmir,customer1190@email.com,2023-07-10,4033
1191,Customer_1191,30.0,Izmir,customer1191@email.com,2023-07-11,703
1192,Customer_1192,68.0,Antalya,customer1192@email.com,2023-07-12,574
1193,Customer_1193,49.0,Bursa,customer1193@email.com,2023-07-13,3232
1194,Customer_1194,56.0,Ankara,customer1194@email.com,2023-07-14,4783
1195,Customer_1195,66.0,Bursa,customer1195@email.com,2023-07-15,2632
1196,Customer_1196,69.0,Bursa,customer1196@email.com,2023-07-16,3828
1197,Customer_1197,78.0,Izmir,customer1197@email.com,2023-07-17,3230
1198,Customer_1198,49.0,Bursa,customer1198@email.com,2023-07-18,488
1199,Customer_1199,21.0,Istanbul,customer1199@email.com,2023-07-19,1347
1200,Customer_1200,,Izmir,customer1200@email.com,2023-07-20,3681
1201,Customer_1201,54.0,Istanbul,customer1201@email.com,2023-07-21,3173
1202,Customer_1202,40.0,Ankara,customer1202@email.com,2023-07-22,4589
1203,Customer_1203,56.0,Izmir,customer1203@email.com,2023-07-23,1667
1204,Customer_1204,62.0,Ankara,customer1204@email.com,2023-07-24,1637
1205,Customer_1205,32.0,Izmir,customer1205@email.com,2023-07-25,4114
1206,Customer_1206,,Antalya,customer1206@email.com,2023-07-26,3553
1207,Customer_1207,46.0,Bursa,customer1207@email.com,2023-07-27,1000
1208,Customer_1208,53.0,Antalya,customer1208@email.com,2023-07-28,850
1209,Customer_1209,,Ankara,customer1209@email.com,2023-07-29,1388
1210,Customer_1210,49.0,Bursa,customer1210@email.com,2023-07-30,3712
1211,Customer_1211,24.0,Izmir,customer1211@email.com,2023-07-31,1367
1212,Customer_1212,76.0,Bursa,customer1212@email.com,2023-08-01,821
1213,Customer_1213,68.0,Istanbul,customer1213@email.com,2023-08-02,454
1214,Customer_1214,39.0,Bursa,customer1214@email.com,2023-08-03,1624
1215,Customer_1215,45.0,Istanbul,customer1215@email.com,2023-08-04,2772
1216,Customer_1216,19.0,Bursa,customer1216@email.com,2023-08-05,3726
1217,Customer_1217,,Istanbul,customer1217@email.com,2023-08-06,3147
1218,Customer_1218,,Ankara,customer1218@email.com,2023-08-07,4089
1219,Customer_1219,79.0,Antalya,customer1219@email.com,2023-08-08,4806
1220,Customer_1220,74.0,Izmir,customer1220@email.com,2023-08-09,2190
1221,Customer_1221,70.0,Bursa,customer1221@email.com,2023-08-10,916
1222,Customer_1222,23.0,Antalya,customer1222@email.com,2023-08-11,3986
1223,Customer_1223,45.0,Izmir,customer1223@email.com,2023-08-12,2875
1224,Customer_1224,45.0,Izmir,customer1224@email.com,2023-08-13,1440
1225,Customer_1225,,Istanbul,customer1225@email.com,2023-08-14,4400
1226,Customer_1226,,Ankara,customer1226@email.com,2023-08-15,735
1227,Customer_1227,37.0,Ankara,customer1227@email.com,2023-08-16,3568
1228,Customer_1228,47.0,Antalya,customer1228@email.com,2023-08-17,3338
1229,Customer_1229,79.0,Ankara,customer1229@email.com,2023-08-18,3015
1230,Customer_1230,28.0,Bursa,customer1230@email.com,2023-08-19,2889
1231,Customer_1231,75.0,Ankara,customer1231@email.com,2023-08-20,961
1232,Customer_1232,72.0,Antalya,customer1232@email.com,2023-08-21,2989
1233,Customer_1233,45.0,Ankara,customer1233@email.com,2023-08-22,3848
1234,Customer_1234,42.0,Bursa,customer1234@email.com,2023-08-23,1026
1235,Customer_1235,56.0,Istanbul,customer1235@email.com,2023-08-24,3865
1236,Customer_1236,79.0,Antalya,customer1236@email.com,2023-08-25,2863
1237,Customer_1237,50.0,Istanbul,customer1237@email.com,2023-08-26,2501
1238,Customer_1238,18.0,Istanbul,customer1238@email.com,2023-08-27,1947
1239,Customer_1239,74.0,Istanbul,customer1239@email.com,2023-08-28,1177
1240,Customer_1240,44.0,Izmir,customer1240@email.com,2023-08-29,4760
1241,Customer_1241,79.0,Izmir,customer1241@email.com,2023-08-30,11
1242,Customer_1242,74.0,Istanbul,customer1242@email.com,2023-08-31,4399
1243,Customer_1243,69.0,Antalya,customer1243@email.com,2023-09-01,3364
1244,Customer_1244,30.0,Bursa,customer1244@email.com,2023-09-02,3022
1245,Customer_1245,58.0,Bursa,customer1245@email.com,2023-09-03,3371
1246,Customer_1246,20.0,Ankara,customer1246@email.com,2023-09-04,2830
1247,Customer_1247,,Antalya,customer1247@email.com,2023-09-05,42
1248,Customer_1248,23.0,Izmir,customer1248@email.com,2023-09-06,943
1249,Customer_1249,25.0,Istanbul,customer1249@email.com,2023-09-07,2390
1250,Customer_1250,,Ankara,customer1250@email.com,2023-09-08,2545
1251,Customer_1251,26.0,Bursa,customer1251@email.com,2023-09-09,2411
1252,Customer_1252,79.0,Izmir,customer1252@email.com,2023-09-10,4986
1253,Customer_1253,54.0,Izmir,customer1253@email.com,2023-09-11,1004
1254,Customer_1254,50.0,Istanbul,customer1254@email.com,2023-09-12,20
1255,Customer_1255,68.0,Bursa,customer1255@email.com,2023-09-13,406
1256,Customer_1256,59.0,Antalya,customer1256@email.com,2023-09-14,1014
1257,Customer_1257,61.0,Izmir,customer1257@email.com,2023-09-15,4431
1258,Customer_1258,41.0,Istanbul,customer1258@email.com,2023-09-16,1838
1259,Customer_1259,32.0,Antalya,customer1259@email.com,2023-09-17,3188
1260,Customer_1260,76.0,Bursa,customer1260@email.com,2023-09-18,714
1261,Customer_1261,71.0,Izmir,customer1261@email.com,2023-09-19,4146
1262,Customer_1262,49.0,Antalya,customer1262@email.com,2023-09-20,3854
1263,Customer_1263,49.0,Antalya,customer1263@email.com,2023-09-21,4419
1264,Customer_1264,41.0,Antalya,customer1264@email.com,2023-09-22,4884
1265,Customer_1265,58.0,Izmir,customer1265@email.com,2023-09-23,140
1266,Customer_1266,69.0,Izmir,customer1266@email.com,2023-09-24,4565
1267,Customer_1267,66.0,Ankara,customer1267@email.com,2023-09-25,4882
1268,Customer_1268,79.0,Bursa,customer1268@email.com,2023-09-26,963
1269,Customer_1269,66.0,Istanbul,customer1269@email.com,2023-09-27,372
1270,Customer_1270,75.0,Antalya,customer1270@email.com,2023-09-28,3635
1271,Customer_1271,,Ankara,customer1271@email.com,2023-09-29,2541
1272,Customer_1272,,Istanbul,customer1272@email.com,2023-09-30,3610
1273,Customer_1273,79.0,Ankara,customer1273@email.com,2023-10-01,1692
1274,Customer_1274,56.0,Izmir,customer1274@email.com,2023-10-02,105
1275,Customer_1275,19.0,Antalya,customer1275@email.com,2023-10-03,1681
1276,Customer_1276,,Istanbul,customer1276@email.com,2023-10-04,4097
1277,Customer_1277,66.0,Istanbul,customer1277@email.com,2023-10-05,4016
1278,Customer_1278,,Istanbul,customer1278@email.com,2023-10-06,2636
1279,Customer_1279,66.0,Istanbul,customer1279@email.com,2023-10-07,2137
1280,Customer_1280,73.0,Istanbul,customer1280@email.com,2023-10-08,3416
1281,Customer_1281,34.0,Ankara,customer1281@email.com,2023-10-09,4445
1282,Customer_1282,76.0,Antalya,customer1282@email.com,2023-10-10,3530
1283,Customer_1283,66.0,Izmir,customer1283@email.com,2023-10-11,1286
1284,Customer_1284,19.0,Izmir,customer1284@email.com,2023-10-12,3179
1285,Customer_1285,19.0,Izmir,customer1285@email.com,2023-10-13,3654
1286,Customer_1286,45.0,Izmir,customer1286@email.com,2023-10-14,2359
1287,Customer_1287,71.0,Ankara,customer1287@email.com,2023-10-15,444
1288,Customer_1288,,Bursa,customer1288@email.com,2023-10-16,35
1289,Customer_1289,54.0,Antalya,customer1289@email.com,2023-10-17,1475
1290,Customer_1290,49.0,Istanbul,customer1290@email.com,2023-10-18,3957
1291,Customer_1291,50.0,Bursa,customer1291@email.com,2023-10-19,1798
1292,Customer_1292,18.0,Izmir,customer1292@email.com,2023-10-20,1845
1293,Customer_1293,36.0,Bursa,customer1293@email.com,2023-10-21,1408
1294,Customer_1294,79.0,Antalya,customer1294@email.com,2023-10-22,1708
1295,Customer_1295,19.0,Istanbul,customer1295@email.com,2023-10-23,2938
1296,Customer_1296,70.0,Istanbul,customer1296@email.com,2023-10-24,1300
1297,Customer_1297,61.0,Antalya,customer1297@email.com,2023-10-25,1243
1298,Customer_1298,43.0,Antalya,customer1298@email.com,2023-10-26,3976
1299,Customer_1299,49.0,Izmir,customer1299@email.com,2023-10-27,3097
1300,Customer_1300,23.0,Istanbul,customer1300@email.com,2023-10-28,4616
1301,Customer_1301,,Bursa,customer1301@email.com,2023-10-29,9
1302,Customer_1302,72.0,Ankara,customer1302@email.com,2023-10-30,2425
1303,Customer_1303,21.0,Ankara,customer1303@email.com,2023-10-31,1660
1304,Customer_1304,72.0,Antalya,customer1304@email.com,2023-11-01,2631
1305,Customer_1305,28.0,Izmir,customer1305@email.com,2023-11-02,4815
1306,Customer_1306,,Ankara,customer1306@email.com,2023-11-03,1072
1307,Customer_1307,76.0,Istanbul,customer1307@email.com,2023-11-04,3225
1308,Customer_1308,34.0,Antalya,customer1308@email.com,2023-11-05,4954
1309,Customer_1309,55.0,Bursa,customer1309@email.com,2023-11-06,1316
1310,Customer_1310,41.0,Antalya,customer1310@email.com,2023-11-07,4145
1311,Customer_1311,22.0,Bursa,customer1311@email.com,2023-11-08,3683
1312,Customer_1312,,Antalya,customer1312@email.com,2023-11-09,3273
1313,Customer_1313,,Antalya,customer1313@email.com,2023-11-10,145
1314,Customer_1314,23.0,Antalya,customer1314@email.com,2023-11-11,3040
1315,Customer_1315,39.0,Bursa,customer1315@email.com,2023-11-12,1462
1316,Customer_1316,28.0,Bursa,customer1316@email.com,2023-11-13,4676
1317,Customer_1317,65.0,Antalya,customer1317@email.com,2023-11-14,1584
1318,Customer_1318,33.0,Ankara,customer1318@email.com,2023-11-15,482
1319,Customer_1319,50.0,Izmir,customer1319@email.com,2023-11-16,3179
1320,Customer_1320,26.0,Izmir,customer1320@email.com,2023-11-17,1249
1321,Customer_1321,77.0,Izmir,customer1321@email.com,2023-11-18,4768
1322,Customer_1322,76.0,Bursa,customer1322@email.com,2023-11-19,630
1323,Customer_1323,23.0,Bursa,customer1323@email.com,2023-11-20,661
1324,Customer_1324,33.0,Ankara,customer1324@email.com,2023-11-21,3503
1325,Customer_1325,46.0,Izmir,customer1325@email.com,2023-11-22,2852
1326,Customer_1326,20.0,Izmir,customer1326@email.com,2023-11-23,2466
1327,Customer_1327,37.0,Antalya,customer1327@email.com,2023-11-24,987
1328,Customer_1328,77.0,Bursa,customer1328@email.com,2023-11-25,1546
1329,Customer_1329,76.0,Izmir,customer1329@email.com,2023-11-26,649
1330,Customer_1330,53.0,Ankara,customer1330@email.com,2023-11-27,968
1331,Customer_1331,36.0,Ankara,customer1331@email.com,2023-11-28,2637
1332,Customer_1332,43.0,Izmir,customer1332@email.com,2023-11-29,1100
1333,Customer_1333,20.0,Bursa,customer1333@email.com,2023-11-30,440
1334,Customer_1334,36.0,Ankara,customer1334@email.com,2023-12-01,769
1335,Customer_1335,37.0,Antalya,customer1335@email.com,2023-12-02,1343
1336,Customer_1336,49.0,Ankara,customer1336@email.com,2023-12-03,4358
1337,Customer_1337,,Istanbul,customer1337@email.com,2023-12-04,3729
1338,Customer_1338,69.0,Istanbul,customer1338@email.com,2023-12-05,3906
1339,Customer_1339,58.0,Bursa,customer1339@email.com,2023-12-06,1577
1340,Customer_1340,50.0,Izmir,customer1340@email.com,2023-12-07,4008
1341,Customer_1341,57.0,Bursa,customer1341@email.com,2023-12-08,3351
1342,Customer_1342,56.0,Bursa,customer1342@email.com,2023-12-09,4795
1343,Customer_1343,35.0,Bursa,customer1343@email.com,2023-12-10,2349
1344,Customer_1344,57.0,Bursa,customer1344@email.com,2023-12-11,3602
1345,Customer_1345,18.0,Antalya,customer1345@email.com,2023-12-12,1241
1346,Customer_1346,28.0,Antalya,customer1346@email.com,2023-12-13,1125
1347,Customer_1347,45.0,Ankara,customer1347@email.com,2023-12-14,2601
1348,Customer_1348,74.0,Istanbul,customer1348@email.com,2023-12-15,1190
1349,Customer_1349,42.0,Bursa,customer1349@email.com,2023-12-16,4131
1350,Customer_1350,67.0,Ankara,customer1350@email.com,2023-12-17,4839
1351,Customer_1351,40.0,Istanbul,customer1351@email.com,2023-12-18,4448
1352,Customer_1352,48.0,Izmir,customer1352@email.com,2023-12-19,72
1353,Customer_1353,,Antalya,customer1353@email.com,2023-12-20,1914
1354,Customer_1354,59.0,Istanbul,customer1354@email.com,2023-12-21,2472
1355,Customer_1355,52.0,Izmir,customer1355@email.com,2023-12-22,3046
1356,Customer_1356,24.0,Istanbul,customer1356@email.com,2023-12-23,707
1357,Customer_1357,77.0,Antalya,customer1357@email.com,2023-12-24,1804
1358,Customer_1358,33.0,Antalya,customer1358@email.com,2023-12-25,3713
1359,Customer_1359,43.0,Ankara,customer1359@email.com,2023-12-26,2564
1360,Customer_1360,65.0,Bursa,customer1360@email.com,2023-12-27,2475
1361,Customer_1361,74.0,Istanbul,customer1361@email.com,2023-12-28,3610
1362,Customer_1362,69.0,Istanbul,customer1362@email.com,2023-12-29,4255
1363,Customer_1363,77.0,Izmir,customer1363@email.com,2023-12-30,2823
1364,Customer_1364,66.0,Antalya,customer1364@email.com,2023-12-31,1735
1365,Customer_1365,19.0,Istanbul,customer1365@email.com,2024-01-01,1585
1366,Customer_1366,18.0,Antalya,customer1366@email.com,2024-01-02,66
1367,Customer_1367,65.0,Istanbul,customer1367@email.com,2024-01-03,3061
1368,Customer_1368,79.0,Ankara,customer1368@email.com,2024-01-04,2428
1369,Customer_1369,29.0,Bursa,customer1369@email.com,2024-01-05,4153
1370,Customer_1370,22.0,Istanbul,customer1370@email.com,2024-01-06,341
1371,Customer_1371,54.0,Antalya,customer1371@email.com,2024-01-07,2774
1372,Customer_1372,49.0,Ankara,customer1372@email.com,2024-01-08,2817
1373,Customer_1373,76.0,Istanbul,customer1373@email.com,2024-01-09,2661
1374,Customer_1374,72.0,Izmir,customer1374@email.com,2024-01-10,1232
1375,Customer_1375,26.0,Bursa,customer1375@email.com,2024-01-11,3874
1376,Customer_1376,58.0,Istanbul,customer1376@email.com,2024-01-12,2401
1377,Customer_1377,52.0,Ankara,customer1377@email.com,2024-01-13,1494
1378,Customer_1378,36.0,Izmir,customer1378@email.com,2024-01-14,4211
1379,Customer_1379,65.0,Ankara,customer1379@email.com,2024-01-15,661
1380,Customer_1380,33.0,Ankara,customer1380@email.com,2024-01-16,3883
1381,Customer_1381,20.0,Izmir,customer1381@email.com,2024-01-17,3619
1382,Customer_1382,37.0,Ankara,customer1382@email.com,2024-01-18,1868
1383,Customer_1383,41.0,Izmir,customer1383@email.com,2024-01-19,2334
1384,Customer_1384,71.0,Istanbul,customer1384@email.com,2024-01-20,3374
1385,Customer_1385,73.0,Izmir,customer1385@email.com,2024-01-21,1016
1386,Customer_1386,50.0,Izmir,customer1386@email.com,2024-01-22,4406
1387,Customer_1387,41.0,Bursa,customer1387@email.com,2024-01-23,207
1388,Customer_1388,69.0,Izmir,customer1388@email.com,2024-01-24,2665
1389,Customer_1389,28.0,Izmir,customer1389@email.com,2024-01-25,2493
1390,Customer_1390,66.0,Istanbul,customer1390@email.com,2024-01-26,632
1391,Customer_1391,25.0,Bursa,customer1391@email.com,2024-01-27,2102
1392,Customer_1392,,Antalya,customer1392@email.com,2024-01-28,2959
1393,Customer_1393,55.0,Istanbul,customer1393@email.com,2024-01-29,3083
1394,Customer_1394,57.0,Istanbul,customer1394@email.com,2024-01-30,4752
1395,Customer_1395,37.0,Antalya,customer1395@email.com,2024-01-31,1931
1396,Customer_1396,79.0,Izmir,customer1396@email.com,2024-02-01,3719
1397,Customer_1397,52.0,Ankara,customer1397@email.com,2024-02-02,2562
1398,Customer_1398,65.0,Bursa,customer1398@email.com,2024-02-03,1679
1399,Customer_1399,79.0,Ankara,customer1399@email.com,2024-02-04,236
1400,Customer_1400,,Antalya,customer1400@email.com,2024-02-05,4443
1401,Customer_1401,52.0,Istanbul,customer1401@email.com,2024-02-06,4725
1402,Customer_1402,42.0,Istanbul,customer1402@email.com,2024-02-07,1540
1403,Customer_1403,46.0,Bursa,customer1403@email.com,2024-02-08,3943
1404,Customer_1404,35.0,Istanbul,customer1404@email.com,2024-02-09,363
1405,Customer_1405,63.0,Istanbul,customer1405@email.com,2024-02-10,2368
1406,Customer_1406,,Bursa,customer1406@email.com,2024-02-11,285
1407,Customer_1407,19.0,Bursa,customer1407@email.com,2024-02-12,148
1408,Customer_1408,71.0,Antalya,customer1408@email.com,2024-02-13,4037
1409,Customer_1409,52.0,Istanbul,customer1409@email.com,2024-02-14,4551
1410,Customer_1410,33.0,Istanbul,customer1410@email.com,2024-02-15,1766
1411,Customer_1411,78.0,Antalya,customer1411@email.com,2024-02-16,4895
1412,Customer_1412,58.0,Izmir,customer1412@email.com,2024-02-17,1012
1413,Customer_1413,53.0,Izmir,customer1413@email.com,2024-02-18,2831
1414,Customer_1414,50.0,Izmir,customer1414@email.com,2024-02-19,2507
1415,Customer_1415,21.0,Antalya,customer1415@email.com,2024-02-20,1523
1416,Customer_1416,,Istanbul,customer1416@email.com,2024-02-21,2785
1417,Customer_1417,31.0,Antalya,customer1417@email.com,2024-02-22,2556
1418,Customer_1418,38.0,Antalya,customer1418@email.com,2024-02-23,3725
1419,Customer_1419,65.0,Izmir,customer1419@email.com,2024-02-24,4576
1420,Customer_1420,37.0,Ankara,customer1420@email.com,2024-02-25,1601
1421,Customer_1421,73.0,Istanbul,customer1421@email.com,2024-02-26,2408
1422,Customer_1422,25.0,Izmir,customer1422@email.com,2024-02-27,340
1423,Customer_1423,24.0,Ankara,customer1423@email.com,2024-02-28,2817
1424,Customer_1424,20.0,Ankara,customer1424@email.com,2024-02-29,2496
1425,Customer_1425,34.0,Bursa,customer1425@email.com,2024-03-01,4930
1426,Customer_1426,50.0,Istanbul,customer1426@email.com,2024-03-02,1725
1427,Customer_1427,65.0,Ankara,customer1427@email.com,2024-03-03,1689
1428,Customer_1428,29.0,Izmir,customer1428@email.com,2024-03-04,3267
1429,Customer_1429,76.0,Bursa,customer1429@email.com,2024-03-05,4406
1430,Customer_1430,68.0,Istanbul,customer1430@email.com,2024-03-06,261
1431,Customer_1431,39.0,Antalya,customer1431@email.com,2024-03-07,1442
1432,Customer_1432,72.0,Izmir,customer1432@email.com,2024-03-08,405
1433,Customer_1433,39.0,Ankara,customer1433@email.com,2024-03-09,2190
1434,Customer_1434,63.0,Ankara,customer1434@email.com,2024-03-10,4437
1435,Customer_1435,47.0,Izmir,customer1435@email.com,2024-03-11,243
1436,Customer_1436,55.0,Ankara,customer1436@email.com,2024-03-12,4585
1437,Customer_1437,55.0,Bursa,customer1437@email.com,2024-03-13,4107
1438,Customer_1438,62.0,Istanbul,customer1438@email.com,2024-03-14,560
1439,Customer_1439,68.0,Bursa,customer1439@email.com,2024-03-15,4137
1440,Customer_1440,71.0,Ankara,customer1440@email.com,2024-03-16,2725
1441,Customer_1441,,Antalya,customer1441@email.com,2024-03-17,593
1442,Customer_1442,,Istanbul,customer1442@email.com,2024-03-18,1826
1443,Customer_1443,44.0,Istanbul,customer1443@email.com,2024-03-19,3229
1444,Customer_1444,51.0,Izmir,customer1444@email.com,2024-03-20,3287
1445,Customer_1445,38.0,Izmir,customer1445@email.com,2024-03-21,4073
1446,Customer_1446,47.0,Antalya,customer1446@email.com,2024-03-22,133
1447,Customer_1447,50.0,Istanbul,customer1447@email.com,2024-03-23,3138
1448,Customer_1448,45.0,Antalya,customer1448@email.com,2024-03-24,3919
1449,Customer_1449,64.0,Izmir,customer1449@email.com,2024-03-25,72
1450,Customer_1450,50.0,Izmir,customer1450@email.com,2024-03-26,4494
1451,Customer_1451,22.0,Istanbul,customer1451@email.com,2024-03-27,4225
1452,Customer_1452,77.0,Bursa,customer1452@email.com,2024-03-28,2978
1453,Customer_1453,,Ankara,customer1453@email.com,2024-03-29,4361
1454,Customer_1454,65.0,Izmir,customer1454@email.com,2024-03-30,1985
1455,Customer_1455,36.0,Izmir,customer1455@email.com,2024-03-31,792
1456,Customer_1456,21.0,Bursa,customer1456@email.com,2024-04-01,4259
1457,Customer_1457,52.0,Bursa,customer1457@email.com,2024-04-02,94
1458,Customer_1458,66.0,Antalya,customer1458@email.com,2024-04-03,1133
1459,Customer_1459,,Antalya,customer1459@email.com,2024-04-04,4917
1460,Customer_1460,61.0,Ankara,customer1460@email.com,2024-04-05,237
1461,Customer_1461,45.0,Ankara,customer1461@email.com,2024-04-06,2946
1462,Customer_1462,47.0,Istanbul,customer1462@email.com,2024-04-07,2530
1463,Customer_1463,46.0,Antalya,customer1463@email.com,2024-04-08,1960
1464,Customer_1464,63.0,Izmir,customer1464@email.com,2024-04-09,1048
1465,Customer_1465,70.0,Antalya,customer1465@email.com,2024-04-10,2529
1466,Customer_1466,23.0,Izmir,customer1466@email.com,2024-04-11,2964
1467,Customer_1467,52.0,Bursa,customer1467@email.com,2024-04-12,963
1468,Customer_1468,77.0,Antalya,customer1468@email.com,2024-04-13,536
1469,Customer_1469,58.0,Bursa,customer1469@email.com,2024-04-14,4223
1470,Customer_1470,54.0,Ankara,customer1470@email.com,2024-04-15,3679
1471,Customer_1471,41.0,Ankara,customer1471@email.com,2024-04-16,4187
1472,Customer_1472,46.0,Istanbul,customer1472@email.com,2024-04-17,3724
1473,Customer_1473,66.0,Antalya,customer1473@email.com,2024-04-18,542
1474,Customer_1474,63.0,Bursa,customer1474@email.com,2024-04-19,845
1475,Customer_1475,,Izmir,customer1475@email.com,2024-04-20,3603
1476,Customer_1476,48.0,Ankara,customer1476@email.com,2024-04-21,3036
1477,Customer_1477,52.0,Ankara,customer1477@email.com,2024-04-22,2494
1478,Customer_1478,77.0,Izmir,customer1478@email.com,2024-04-23,4485
1479,Customer_1479,50.0,Bursa,customer1479@email.com,2024-04-24,2719
1480,Customer_1480,69.0,Bursa,customer1480@email.com,2024-04-25,1884
1481,Customer_1481,78.0,Antalya,customer1481@email.com,2024-04-26,4138
1482,Customer_1482,,Antalya,customer1482@email.com,2024-04-27,4349
1483,Customer_1483,49.0,Istanbul,customer1483@email.com,2024-04-28,3201
1484,Customer_1484,40.0,Ankara,customer1484@email.com,2024-04-29,2710
1485,Customer_1485,50.0,Antalya,customer1485@email.com,2024-04-30,1953
1486,Customer_1486,20.0,Bursa,customer1486@email.com,2024-05-01,4737
1487,Customer_1487,35.0,Izmir,customer1487@email.com,2024-05-02,3850
1488,Customer_1488,42.0,Bursa,customer1488@email.com,2024-05-03,689
1489,Customer_1489,59.0,Ankara,customer1489@email.com,2024-05-04,1950
1490,Customer_1490,48.0,Bursa,customer1490@email.com,2024-05-05,456
1491,Customer_1491,71.0,Istanbul,customer1491@email.com,2024-05-06,2130
1492,Customer_1492,75.0,Ankara,customer1492@email.com,2024-05-07,3976
1493,Customer_1493,20.0,Izmir,customer1493@email.com,2024-05-08,4244
1494,Customer_1494,57.0,Istanbul,customer1494@email.com,2024-05-09,1179
1495,Customer_1495,63.0,Ankara,customer1495@email.com,2024-05-10,4285
1496,Customer_1496,41.0,Izmir,customer1496@email.com,2024-05-11,3565
1497,Customer_1497,67.0,Istanbul,customer1497@email.com,2024-05-12,882
1498,Customer_1498,49.0,Istanbul,customer1498@email.com,2024-05-13,399
1499,Customer_1499,64.0,Ankara,customer1499@email.com,2024-05-14,608
1500,Customer_1500,,Antalya,customer1500@email.com,2024-05-15,1638
1501,Customer_1501,40.0,Istanbul,customer1501@email.com,2024-05-16,2148
1502,Customer_1502,19.0,Istanbul,customer1502@email.com,2024-05-17,1382
1503,Customer_1503,44.0,Izmir,customer1503@email.com,2024-05-18,1403
1504,Customer_1504,59.0,Bursa,customer1504@email.com,2024-05-19,819
1505,Customer_1505,19.0,Ankara,customer1505@email.com,2024-05-20,3292
1506,Customer_1506,43.0,Ankara,customer1506@email.com,2024-05-21,819
1507,Customer_1507,34.0,Antalya,customer1507@email.com,2024-05-22,419
1508,Customer_1508,57.0,Antalya,customer1508@email.com,2024-05-23,4219
1509,Customer_1509,50.0,Ankara,customer1509@email.com,2024-05-24,4517
1510,Customer_1510,26.0,Antalya,customer1510@email.com,2024-05-25,3302
1511,Customer_1511,60.0,Izmir,customer1511@email.com,2024-05-26,1508
1512,Customer_1512,71.0,Ankara,customer1512@email.com,2024-05-27,767
1513,Customer_1513,65.0,Antalya,customer1513@email.com,2024-05-28,2044
1514,Customer_1514,56.0,Ankara,customer1514@email.com,2024-05-29,2139
1515,Customer_1515,,Bursa,customer1515@email.com,2024-05-30,3029
1516,Customer_1516,59.0,Istanbul,customer1516@email.com,2024-05-31,1549
1517,Customer_1517,72.0,Ankara,customer1517@email.com,2024-06-01,1764
1518,Customer_1518,43.0,Istanbul,customer1518@email.com,2024-06-02,2645
1519,Customer_1519,52.0,Antalya,customer1519@email.com,2024-06-03,3716
1520,Customer_1520,67.0,Istanbul,customer1520@email.com,2024-06-04,4605
1521,Customer_1521,42.0,Ankara,customer1521@email.com,2024-06-05,4481
1522,Customer_1522,41.0,Bursa,customer1522@email.com,2024-06-06,2293
1523,Customer_1523,30.0,Antalya,customer1523@email.com,2024-06-07,4837
1524,Customer_1524,77.0,Ankara,customer1524@email.com,2024-06-08,2708
1525,Customer_1525,75.0,Antalya,customer1525@email.com,2024-06-09,900
1526,Customer_1526,24.0,Izmir,customer1526@email.com,2024-06-10,3084
1527,Customer_1527,74.0,Istanbul,customer1527@email.com,2024-06-11,2009
1528,Customer_1528,53.0,Izmir,customer1528@email.com,2024-06-12,241
1529,Customer_1529,62.0,Ankara,customer1529@email.com,2024-06-13,2385
1530,Customer_1530,37.0,Bursa,customer1530@email.com,2024-06-14,4268
1531,Customer_1531,18.0,Antalya,customer1531@email.com,2024-06-15,671
1532,Customer_1532,,Istanbul,customer1532@email.com,2024-06-16,163
1533,Customer_1533,63.0,Antalya,customer1533@email.com,2024-06-17,464
1534,Customer_1534,33.0,Ankara,customer1534@email.com,2024-06-18,3042
1535,Customer_1535,31.0,Antalya,customer1535@email.com,2024-06-19,4592
1536,Customer_1536,29.0,Istanbul,customer1536@email.com,2024-06-20,4795
1537,Customer_1537,68.0,Ankara,customer1537@email.com,2024-06-21,2442
1538,Customer_1538,40.0,Antalya,customer1538@email.com,2024-06-22,4798
1539,Customer_1539,32.0,Bursa,customer1539@email.com,2024-06-23,2355
1540,Customer_1540,45.0,Ankara,customer1540@email.com,2024-06-24,4278
1541,Customer_1541,51.0,Ankara,customer1541@email.com,2024-06-25,4724
1542,Customer_1542,19.0,Bursa,customer1542@email.com,2024-06-26,2557
1543,Customer_1543,49.0,Izmir,customer1543@email.com,2024-06-27,545
1544,Customer_1544,40.0,Istanbul,customer1544@email.com,2024-06-28,4719
1545,Customer_1545,,Izmir,customer1545@email.com,2024-06-29,3835
1546,Customer_1546,68.0,Antalya,customer1546@email.com,2024-06-30,593
1547,Customer_1547,42.0,Bursa,customer1547@email.com,2024-07-01,4839
1548,Customer_1548,75.0,Izmir,customer1548@email.com,2024-07-02,3804
1549,Customer_1549,,Ankara,customer1549@email.com,2024-07-03,1459
1550,Customer_1550,,Antalya,customer1550@email.com,2024-07-04,3493
1551,Customer_1551,39.0,Antalya,customer1551@email.com,2024-07-05,2601
1552,Customer_1552,75.0,Izmir,customer1552@email.com,2024-07-06,2444
1553,Customer_1553,75.0,Izmir,customer1553@email.com,2024-07-07,2672
1554,Customer_1554,39.0,Bursa,customer1554@email.com,2024-07-08,4200
1555,Customer_1555,66.0,Istanbul,customer1555@email.com,2024-07-09,16
1556,Customer_1556,69.0,Izmir,customer1556@email.com,2024-07-10,3191
1557,Customer_1557,,Izmir,customer1557@email.com,2024-07-11,392
1558,Customer_1558,23.0,Ankara,customer1558@email.com,2024-07-12,424
1559,Customer_1559,32.0,Antalya,customer1559@email.com,2024-07-13,571
1560,Customer_1560,71.0,Istanbul,customer1560@email.com,2024-07-14,3631
1561,Customer_1561,60.0,Ankara,customer1561@email.com,2024-07-15,1120
1562,Customer_1562,77.0,Bursa,customer1562@email.com,2024-07-16,241
1563,Customer_1563,54.0,Bursa,customer1563@email.com,2024-07-17,3897
1564,Customer_1564,50.0,Izmir,customer1564@email.com,2024-07-18,4095
1565,Customer_1565,25.0,Izmir,customer1565@email.com,2024-07-19,2279
1566,Customer_1566,70.0,Bursa,customer1566@email.com,2024-07-20,788
1567,Customer_1567,77.0,Izmir,customer1567@email.com,2024-07-21,714
1568,Customer_1568,61.0,Istanbul,customer1568@email.com,2024-07-22,4854
1569,Customer_1569,61.0,Izmir,customer1569@email.com,2024-07-23,2849
1570,Customer_1570,22.0,Antalya,customer1570@email.com,2024-07-24,775
1571,Customer_1571,56.0,Izmir,customer1571@email.com,2024-07-25,4026
1572,Customer_1572,21.0,Ankara,customer1572@email.com,2024-07-26,2247
1573,Customer_1573,23.0,Istanbul,customer1573@email.com,2024-07-27,78
1574,Customer_1574,62.0,Ankara,customer1574@email.com,2024-07-28,3926
1575,Customer_1575,49.0,Ankara,customer1575@email.com,2024-07-29,855
1576,Customer_1576,69.0,Antalya,customer1576@email.com,2024-07-30,2148
1577,Customer_1577,47.0,Istanbul,customer1577@email.com,2024-07-31,1031
1578,Customer_1578,,Istanbul,customer1578@email.com,2024-08-01,4940
1579,Customer_1579,52.0,Istanbul,customer1579@email.com,2024-08-02,3271
1580,Customer_1580,72.0,Istanbul,customer1580@email.com,2024-08-03,3576
1581,Customer_1581,57.0,Istanbul,customer1581@email.com,2024-08-04,4182
1582,Customer_1582,69.0,Antalya,customer1582@email.com,2024-08-05,3456
1583,Customer_1583,33.0,Izmir,customer1583@email.com,2024-08-06,3506
1584,Customer_1584,30.0,Ankara,customer1584@email.com,2024-08-07,407
1585,Customer_1585,67.0,Istanbul,customer1585@email.com,2024-08-08,2711
1586,Customer_1586,77.0,Izmir,customer1586@email.com,2024-08-09,3088
1587,Customer_1587,,Izmir,customer1587@email.com,2024-08-10,1668
1588,Customer_1588,47.0,Ankara,customer1588@email.com,2024-08-11,147
1589,Customer_1589,36.0,Antalya,customer1589@email.com,2024-08-12,4327
1590,Customer_1590,34.0,Bursa,customer1590@email.com,2024-08-13,3897
1591,Customer_1591,73.0,Bursa,customer1591@email.com,2024-08-14,1950
1592,Customer_1592,36.0,Izmir,customer1592@email.com,2024-08-15,365
1593,Customer_1593,45.0,Ankara,customer1593@email.com,2024-08-16,1674
1594,Customer_1594,75.0,Bursa,customer1594@email.com,2024-08-17,4531
1595,Customer_1595,72.0,Izmir,customer1595@email.com,2024-08-18,4494
1596,Customer_1596,43.0,Antalya,customer1596@email.com,2024-08-19,2546
1597,Customer_1597,54.0,Bursa,customer1597@email.com,2024-08-20,562
1598,Customer_1598,43.0,Izmir,customer1598@email.com,2024-08-21,3562
1599,Customer_1599,70.0,Izmir,customer1599@email.com,2024-08-22,2489
1600,Customer_1600,79.0,Istanbul,customer1600@email.com,2024-08-23,772
1601,Customer_1601,40.0,Antalya,customer1601@email.com,2024-08-24,2037
1602,Customer_1602,,Istanbul,customer1602@email.com,2024-08-25,3423
1603,Customer_1603,29.0,Ankara,customer1603@email.com,2024-08-26,2567
1604,Customer_1604,70.0,Istanbul,customer1604@email.com,2024-08-27,1573
1605,Customer_1605,18.0,Istanbul,customer1605@email.com,2024-08-28,3694
1606,Customer_1606,75.0,Bursa,customer1606@email.com,2024-08-29,3291
1607,Customer_1607,75.0,Izmir,customer1607@email.com,2024-08-30,1246
1608,Customer_1608,18.0,Antalya,customer1608@email.com,2024-08-31,3719
1609,Customer_1609,64.0,Istanbul,customer1609@email.com,2024-09-01,3839
1610,Customer_1610,51.0,Antalya,customer1610@email.com,2024-09-02,359
1611,Customer_1611,,Istanbul,customer1611@email.com,2024-09-03,2376
1612,Customer_1612,79.0,Ankara,customer1612@email.com,2024-09-04,3009
1613,Customer_1613,71.0,Istanbul,customer1613@email.com,2024-09-05,2993
1614,Customer_1614,65.0,Bursa,customer1614@email.com,2024-09-06,962
1615,Customer_1615,42.0,Izmir,customer1615@email.com,2024-09-07,3632
1616,Customer_1616,57.0,Ankara,customer1616@email.com,2024-09-08,1827
1617,Customer_1617,62.0,Istanbul,customer1617@email.com,2024-09-09,1613
1618,Customer_1618,70.0,Antalya,customer1618@email.com,2024-09-10,1640
1619,Customer_1619,,Ankara,customer1619@email.com,2024-09-11,2216
1620,Customer_1620,33.0,Ankara,customer1620@email.com,2024-09-12,4312
1621,Customer_1621,78.0,Istanbul,customer1621@email.com,2024-09-13,377
1622,Customer_1622,56.0,Ankara,customer1622@email.com,2024-09-14,4214
1623,Customer_1623,22.0,Antalya,customer1623@email.com,2024-09-15,4285
1624,Customer_1624,39.0,Ankara,customer1624@email.com,2024-09-16,369
1625,Customer_1625,46.0,Antalya,customer1625@email.com,2024-09-17,2196
1626,Customer_1626,72.0,Istanbul,customer1626@email.com,2024-09-18,3747
1627,Customer_1627,20.0,Izmir,customer1627@email.com,2024-09-19,651
1628,Customer_1628,,Ankara,customer1628@email.com,2024-09-20,769
1629,Customer_1629,43.0,Izmir,customer1629@email.com,2024-09-21,2421
1630,Customer_1630,33.0,Antalya,customer1630@email.com,2024-09-22,780
1631,Customer_1631,68.0,Ankara,customer1631@email.com,2024-09-23,1716
1632,Customer_1632,54.0,Bursa,customer1632@email.com,2024-09-24,3983
1633,Customer_1633,39.0,Izmir,customer1633@email.com,2024-09-25,1311
1634,Customer_1634,74.0,Ankara,customer1634@email.com,2024-09-26,3359
1635,Customer_1635,46.0,Izmir,customer1635@email.com,2024-09-27,522
1636,Customer_1636,31.0,Ankara,customer1636@email.com,2024-09-28,521
1637,Customer_1637,45.0,Istanbul,customer1637@email.com,2024-09-29,4878
1638,Customer_1638,22.0,Izmir,customer1638@email.com,2024-09-30,2320
1639,Customer_1639,,Bursa,customer1639@email.com,2024-10-01,935
1640,Customer_1640,66.0,Bursa,customer1640@email.com,2024-10-02,2230
1641,Customer_1641,47.0,Antalya,customer1641@email.com,2024-10-03,4040
1642,Customer_1642,63.0,Ankara,customer1642@email.com,2024-10-04,4583
1643,Customer_1643,79.0,Izmir,customer1643@email.com,2024-10-05,4941
1644,Customer_1644,69.0,Antalya,customer1644@email.com,2024-10-06,3697
1645,Customer_1645,,Izmir,customer1645@email.com,2024-10-07,2837
1646,Customer_1646,29.0,Ankara,customer1646@email.com,2024-10-08,4083
1647,Customer_1647,33.0,Bursa,customer1647@email.com,2024-10-09,2461
1648,Customer_1648,43.0,Istanbul,customer1648@email.com,2024-10-10,3243
1649,Customer_1649,43.0,Bursa,customer1649@email.com,2024-10-11,3359
1650,Customer_1650,,Antalya,customer1650@email.com,2024-10-12,685
1651,Customer_1651,38.0,Istanbul,customer1651@email.com,2024-10-13,2160
1652,Customer_1652,56.0,Antalya,customer1652@email.com,2024-10-14,3988
1653,Customer_1653,,Ankara,customer1653@email.com,2024-10-15,4066
1654,Customer_1654,50.0,Istanbul,customer1654@email.com,2024-10-16,1567
1655,Customer_1655,79.0,Antalya,customer1655@email.com,2024-10-17,38
1656,Customer_1656,47.0,Ankara,customer1656@email.com,2024-10-18,2544
1657,Customer_1657,54.0,Bursa,customer1657@email.com,2024-10-19,4875
1658,Customer_1658,40.0,Ankara,customer1658@email.com,2024-10-20,1256
1659,Customer_1659,,Izmir,customer1659@email.com,2024-10-21,2990
1660,Customer_1660,27.0,Ankara,customer1660@email.com,2024-10-22,2196
1661,Customer_1661,,Ankara,customer1661@email.com,2024-10-23,3468
1662,Customer_1662,22.0,Izmir,customer1662@email.com,2024-10-24,2708
1663,Customer_1663,53.0,Antalya,customer1663@email.com,2024-10-25,301
1664,Customer_1664,51.0,Antalya,customer1664@email.com,2024-10-26,646
1665,Customer_1665,69.0,Ankara,customer1665@email.com,2024-10-27,4758
1666,Customer_1666,48.0,Izmir,customer1666@email.com,2024-10-28,1759
1667,Customer_1667,27.0,Izmir,customer1667@email.com,2024-10-29,4351
1668,Customer_1668,75.0,Bursa,customer1668@email.com,2024-10-30,597
1669,Customer_1669,36.0,Antalya,customer1669@email.com,2024-10-31,661
1670,Customer_1670,75.0,Istanbul,customer1670@email.com,2024-11-01,4330
1671,Customer_1671,49.0,Antalya,customer1671@email.com,2024-11-02,1368
1672,Customer_1672,18.0,Antalya,customer1672@email.com,2024-11-03,2581
1673,Customer_1673,73.0,Bursa,customer1673@email.com,2024-11-04,3868
1674,Customer_1674,,Istanbul,customer1674@email.com,2024-11-05,3537
1675,Customer_1675,62.0,Bursa,customer1675@email.com,2024-11-06,4865
1676,Customer_1676,21.0,Istanbul,customer1676@email.com,2024-11-07,4308
1677,Customer_1677,33.0,Ankara,customer1677@email.com,2024-11-08,4558
1678,Customer_1678,41.0,Istanbul,customer1678@email.com,2024-11-09,282
1679,Customer_1679,33.0,Bursa,customer1679@email.com,2024-11-10,3678
1680,Customer_1680,72.0,Antalya,customer1680@email.com,2024-11-11,1486
1681,Customer_1681,19.0,Istanbul,customer1681@email.com,2024-11-12,4082
1682,Customer_1682,66.0,Istanbul,customer1682@email.com,2024-11-13,4183
1683,Customer_1683,45.0,Izmir,customer1683@email.com,2024-11-14,460
1684,Customer_1684,49.0,Antalya,customer1684@email.com,2024-11-15,2325
1685,Customer_1685,44.0,Ankara,customer1685@email.com,2024-11-16,3754
1686,Customer_1686,37.0,Bursa,customer1686@email.com,2024-11-17,2468
1687,Customer_1687,41.0,Ankara,customer1687@email.com,2024-11-18,1724
1688,Customer_1688,29.0,Antalya,customer1688@email.com,2024-11-19,1376
1689,Customer_1689,67.0,Istanbul,customer1689@email.com,2024-11-20,2743
1690,Customer_1690,52.0,Istanbul,customer1690@email.com,2024-11-21,514
1691,Customer_1691,,Antalya,customer1691@email.com,2024-11-22,702
1692,Customer_1692,50.0,Istanbul,customer1692@email.com,2024-11-23,1653
1693,Customer_1693,50.0,Istanbul,customer1693@email.com,2024-11-24,2066
1694,Customer_1694,78.0,Istanbul,customer1694@email.com,2024-11-25,22
1695,Customer_1695,68.0,Bursa,customer1695@email.com,2024-11-26,2460
1696,Customer_1696,60.0,Bursa,customer1696@email.com,2024-11-27,1304
1697,Customer_1697,54.0,Izmir,customer1697@email.com,2024-11-28,3300
1698,Customer_1698,29.0,Ankara,customer1698@email.com,2024-11-29,361
1699,Customer_1699,20.0,Antalya,customer1699@email.com,2024-11-30,3727
1700,Customer_1700,18.0,Antalya,customer1700@email.com,2024-12-01,1284
1701,Customer_1701,50.0,Antalya,customer1701@email.com,2024-12-02,514
1702,Customer_1702,57.0,Izmir,customer1702@email.com,2024-12-03,448
1703,Customer_1703,27.0,Bursa,customer1703@email.com,2024-12-04,1855
1704,Customer_1704,60.0,Izmir,customer1704@email.com,2024-12-05,4969
1705,Customer_1705,61.0,Antalya,customer1705@email.com,2024-12-06,3562
1706,Customer_1706,46.0,Ankara,customer1706@email.com,2024-12-07,2520
1707,Customer_1707,30.0,Istanbul,customer1707@email.com,2024-12-08,3081
1708,Customer_1708,29.0,Bursa,customer1708@email.com,2024-12-09,1428
1709,Customer_1709,48.0,Bursa,customer1709@email.com,2024-12-10,3967
1710,Customer_1710,63.0,Izmir,customer1710@email.com,2024-12-11,922
1711,Customer_1711,19.0,Bursa,customer1711@email.com,2024-12-12,3137
1712,Customer_1712,78.0,Antalya,customer1712@email.com,2024-12-13,2159
1713,Customer_1713,68.0,Antalya,customer1713@email.com,2024-12-14,2547
1714,Customer_1714,67.0,Izmir,customer1714@email.com,2024-12-15,2979
1715,Customer_1715,52.0,Antalya,customer1715@email.com,2024-12-16,2281
1716,Customer_1716,40.0,Ankara,customer1716@email.com,2024-12-17,2649
1717,Customer_1717,34.0,Izmir,customer1717@email.com,2024-12-18,313
1718,Customer_1718,43.0,Ankara,customer1718@email.com,2024-12-19,2613
1719,Customer_1719,25.0,Istanbul,customer1719@email.com,2024-12-20,3083
1720,Customer_1720,46.0,Ankara,customer1720@email.com,2024-12-21,2256
1721,Customer_1721,43.0,Istanbul,customer1721@email.com,2024-12-22,1037
1722,Customer_1722,27.0,Istanbul,customer1722@email.com,2024-12-23,3489
1723,Customer_1723,,Ankara,customer1723@email.com,2024-12-24,2634
1724,Customer_1724,79.0,Izmir,customer1724@email.com,2024-12-25,3983
1725,Customer_1725,51.0,Antalya,customer1725@email.com,2024-12-26,1778
1726,Customer_1726,68.0,Antalya,customer1726@email.com,2024-12-27,3895
1727,Customer_1727,,Istanbul,customer1727@email.com,2024-12-28,1124
1728,Customer_1728,24.0,Istanbul,customer1728@email.com,2024-12-29,697
1729,Customer_1729,21.0,Izmir,customer1729@email.com,2024-12-30,2179
1730,Customer_1730,75.0,Bursa,customer1730@email.com,2024-12-31,1404
1731,Customer_1731,70.0,Ankara,customer1731@email.com,2025-01-01,1043
1732,Customer_1732,67.0,Istanbul,customer1732@email.com,2025-01-02,1929
1733,Customer_1733,62.0,Antalya,customer1733@email.com,2025-01-03,1013
1734,Customer_1734,28.0,Izmir,customer1734@email.com,2025-01-04,226
1735,Customer_1735,46.0,Ankara,customer1735@email.com,2025-01-05,1828
1736,Customer_1736,,Izmir,customer1736@email.com,2025-01-06,4917
1737,Customer_1737,53.0,Ankara,customer1737@email.com,2025-01-07,2023
1738,Customer_1738,42.0,Ankara,customer1738@email.com,2025-01-08,4966
1739,Customer_1739,38.0,Istanbul,customer1739@email.com,2025-01-09,2452
1740,Customer_1740,78.0,Izmir,customer1740@email.com,2025-01-10,2085
1741,Customer_1741,74.0,Izmir,customer1741@email.com,2025-01-11,4283
1742,Customer_1742,53.0,Antalya,customer1742@email.com,2025-01-12,1080
1743,Customer_1743,27.0,Antalya,customer1743@email.com,2025-01-13,2320
1744,Customer_1744,54.0,Istanbul,customer1744@email.com,2025-01-14,3190
1745,Customer_1745,26.0,Istanbul,customer1745@email.com,2025-01-15,2630
1746,Customer_1746,41.0,Bursa,customer1746@email.com,2025-01-16,2563
1747,Customer_1747,52.0,Antalya,customer1747@email.com,2025-01-17,3292
1748,Customer_1748,66.0,Ankara,customer1748@email.com,2025-01-18,4621
1749,Customer_1749,52.0,Izmir,customer1749@email.com,2025-01-19,3586
1750,Customer_1750,65.0,Istanbul,customer1750@email.com,2025-01-20,4431
1751,Customer_1751,53.0,Izmir,customer1751@email.com,2025-01-21,2947
1752,Customer_1752,35.0,Izmir,customer1752@email.com,2025-01-22,3959
1753,Customer_1753,66.0,Bursa,customer1753@email.com,2025-01-23,2813
1754,Customer_1754,56.0,Antalya,customer1754@email.com,2025-01-24,2583
1755,Customer_1755,49.0,Istanbul,customer1755@email.com,2025-01-25,161
1756,Customer_1756,41.0,Izmir,customer1756@email.com,2025-01-26,593
1757,Customer_1757,40.0,Istanbul,customer1757@email.com,2025-01-27,3259
1758,Customer_1758,,Ankara,customer1758@email.com,2025-01-28,4155
1759,Customer_1759,,Bursa,customer1759@email.com,2025-01-29,2962
1760,Customer_1760,54.0,Ankara,customer1760@email.com,2025-01-30,3888
1761,Customer_1761,29.0,Istanbul,customer1761@email.com,2025-01-31,3390
1762,Customer_1762,66.0,Istanbul,customer1762@email.com,2025-02-01,4501
1763,Customer_1763,,Antalya,customer1763@email.com,2025-02-02,663
1764,Customer_1764,30.0,Izmir,customer1764@email.com,2025-02-03,1132
1765,Customer_1765,40.0,Izmir,customer1765@email.com,2025-02-04,541
1766,Customer_1766,42.0,Ankara,customer1766@email.com,2025-02-05,2974
1767,Customer_1767,52.0,Bursa,customer1767@email.com,2025-02-06,867
1768,Customer_1768,58.0,Izmir,customer1768@email.com,2025-02-07,2066
1769,Customer_1769,47.0,Antalya,customer1769@email.com,2025-02-08,431
1770,Customer_1770,34.0,Ankara,customer1770@email.com,2025-02-09,4835
1771,Customer_1771,66.0,Ankara,customer1771@email.com,2025-02-10,4278
1772,Customer_1772,79.0,Antalya,customer1772@email.com,2025-02-11,1206
1773,Customer_1773,37.0,Bursa,customer1773@email.com,2025-02-12,2528
1774,Customer_1774,65.0,Antalya,customer1774@email.com,2025-02-13,1169
1775,Customer_1775,42.0,Bursa,customer1775@email.com,2025-02-14,830
1776,Customer_1776,39.0,Antalya,customer1776@email.com,2025-02-15,1651
1777,Customer_1777,30.0,Antalya,customer1777@email.com,2025-02-16,1136
1778,Customer_1778,76.0,Istanbul,customer1778@email.com,2025-02-17,2810
1779,Customer_1779,36.0,Ankara,customer1779@email.com,2025-02-18,475
1780,Customer_1780,66.0,Antalya,customer1780@email.com,2025-02-19,2810
1781,Customer_1781,53.0,Antalya,customer1781@email.com,2025-02-20,1326
1782,Customer_1782,,Izmir,customer1782@email.com,2025-02-21,1019
1783,Customer_1783,78.0,Ankara,customer1783@email.com,2025-02-22,1836
1784,Customer_1784,58.0,Izmir,customer1784@email.com,2025-02-23,4256
1785,Customer_1785,36.0,Ankara,customer1785@email.com,2025-02-24,2448
1786,Customer_1786,29.0,Izmir,customer1786@email.com,2025-02-25,4293
1787,Customer_1787,26.0,Antalya,customer1787@email.com,2025-02-26,1283
1788,Customer_1788,24.0,Antalya,customer1788@email.com,2025-02-27,659
1789,Customer_1789,45.0,Istanbul,customer1789@email.com,2025-02-28,2010
1790,Customer_1790,31.0,Izmir,customer1790@email.com,2025-03-01,398
1791,Customer_1791,48.0,Bursa,customer1791@email.com,2025-03-02,1733
1792,Customer_1792,69.0,Istanbul,customer1792@email.com,2025-03-03,2125
1793,Customer_1793,36.0,Izmir,customer1793@email.com,2025-03-04,2171
1794,Customer_1794,75.0,Izmir,customer1794@email.com,2025-03-05,74
1795,Customer_1795,64.0,Istanbul,customer1795@email.com,2025-03-06,4697
1796,Customer_1796,33.0,Antalya,customer1796@email.com,2025-03-07,3471
1797,Customer_1797,,Izmir,customer1797@email.com,2025-03-08,836
1798,Customer_1798,22.0,Antalya,customer1798@email.com,2025-03-09,499
1799,Customer_1799,52.0,Istanbul,customer1799@email.com,2025-03-10,137
1800,Customer_1800,29.0,Antalya,customer1800@email.com,2025-03-11,2097
1801,Customer_1801,42.0,Ankara,customer1801@email.com,2025-03-12,3696
1802,Customer_1802,69.0,Bursa,customer1802@email.com,2025-03-13,1885
1803,Customer_1803,76.0,Izmir,customer1803@email.com,2025-03-14,2757
1804,Customer_1804,38.0,Bursa,customer1804@email.com,2025-03-15,3920
1805,Customer_1805,,Antalya,customer1805@email.com,2025-03-16,1900
1806,Customer_1806,70.0,Izmir,customer1806@email.com,2025-03-17,2610
1807,Customer_1807,40.0,Antalya,customer1807@email.com,2025-03-18,3986
1808,Customer_1808,33.0,Ankara,customer1808@email.com,2025-03-19,1449
1809,Customer_1809,74.0,Istanbul,customer1809@email.com,2025-03-20,546
1810,Customer_1810,56.0,Izmir,customer1810@email.com,2025-03-21,4676
1811,Customer_1811,62.0,Ankara,customer1811@email.com,2025-03-22,2003
1812,Customer_1812,70.0,Ankara,customer1812@email.com,2025-03-23,2096
1813,Customer_1813,59.0,Izmir,customer1813@email.com,2025-03-24,703
1814,Customer_1814,,Antalya,customer1814@email.com,2025-03-25,2403
1815,Customer_1815,56.0,Ankara,customer1815@email.com,2025-03-26,1625
1816,Customer_1816,31.0,Bursa,customer1816@email.com,2025-03-27,3331
1817,Customer_1817,48.0,Ankara,customer1817@email.com,2025-03-28,4733
1818,Customer_1818,75.0,Antalya,customer1818@email.com,2025-03-29,2978
1819,Customer_1819,22.0,Antalya,customer1819@email.com,2025-03-30,4736
1820,Customer_1820,52.0,Bursa,customer1820@email.com,2025-03-31,2839
1821,Customer_1821,40.0,Ankara,customer1821@email.com,2025-04-01,3384
1822,Customer_1822,46.0,Antalya,customer1822@email.com,2025-04-02,2659
1823,Customer_1823,60.0,Izmir,customer1823@email.com,2025-04-03,1861
1824,Customer_1824,28.0,Istanbul,customer1824@email.com,2025-04-04,2856
1825,Customer_1825,35.0,Istanbul,customer1825@email.com,2025-04-05,685
1826,Customer_1826,64.0,Istanbul,customer1826@email.com,2025-04-06,4283
1827,Customer_1827,29.0,Ankara,customer1827@email.com,2025-04-07,1619
1828,Customer_1828,26.0,Bursa,customer1828@email.com,2025-04-08,4643
1829,Customer_1829,27.0,Antalya,customer1829@email.com,2025-04-09,1431
1830,Customer_1830,75.0,Izmir,customer1830@email.com,2025-04-10,875
1831,Customer_1831,61.0,Izmir,customer1831@email.com,2025-04-11,4713
1832,Customer_1832,34.0,Ankara,customer1832@email.com,2025-04-12,2461
1833,Customer_1833,78.0,Istanbul,customer1833@email.com,2025-04-13,1365
1834,Customer_1834,55.0,Ankara,customer1834@email.com,2025-04-14,1243
1835,Customer_1835,24.0,Bursa,customer1835@email.com,2025-04-15,4998
1836,Customer_1836,,Bursa,customer1836@email.com,2025-04-16,162
1837,Customer_1837,30.0,Antalya,customer1837@email.com,2025-04-17,1974
1838,Customer_1838,57.0,Antalya,customer1838@email.com,2025-04-18,3291
1839,Customer_1839,,Bursa,customer1839@email.com,2025-04-19,269
1840,Customer_1840,26.0,Bursa,customer1840@email.com,2025-04-20,631
1841,Customer_1841,67.0,Bursa,customer1841@email.com,2025-04-21,905
1842,Customer_1842,44.0,Ankara,customer1842@email.com,2025-04-22,3471
1843,Customer_1843,75.0,Bursa,customer1843@email.com,2025-04-23,3253
1844,Customer_1844,,Izmir,customer1844@email.com,2025-04-24,2014
1845,Customer_1845,22.0,Istanbul,customer1845@email.com,2025-04-25,1641
1846,Customer_1846,46.0,Bursa,customer1846@email.com,2025-04-26,204
1847,Customer_1847,54.0,Istanbul,customer1847@email.com,2025-04-27,581
1848,Customer_1848,55.0,Ankara,customer1848@email.com,2025-04-28,840
1849,Customer_1849,36.0,Istanbul,customer1849@email.com,2025-04-29,1719
1850,Customer_1850,25.0,Ankara,customer1850@email.com,2025-04-30,2643
1851,Customer_1851,65.0,Izmir,customer1851@email.com,2025-05-01,2297
1852,Customer_1852,62.0,Ankara,customer1852@email.com,2025-05-02,874
1853,Customer_1853,18.0,Ankara,customer1853@email.com,2025-05-03,689
1854,Customer_1854,,Antalya,customer1854@email.com,2025-05-04,4000
1855,Customer_1855,69.0,Bursa,customer1855@email.com,2025-05-05,3141
1856,Customer_1856,34.0,Bursa,customer1856@email.com,2025-05-06,1422
1857,Customer_1857,24.0,Izmir,customer1857@email.com,2025-05-07,671
1858,Customer_1858,,Izmir,customer1858@email.com,2025-05-08,1171
1859,Customer_1859,62.0,Bursa,customer1859@email.com,2025-05-09,3726
1860,Customer_1860,21.0,Antalya,customer1860@email.com,2025-05-10,943
1861,Customer_1861,,Bursa,customer1861@email.com,2025-05-11,1449
1862,Customer_1862,23.0,Antalya,customer1862@email.com,2025-05-12,3737
1863,Customer_1863,77.0,Izmir,customer1863@email.com,2025-05-13,2539
1864,Customer_1864,48.0,Istanbul,customer1864@email.com,2025-05-14,3959
1865,Customer_1865,36.0,Izmir,customer1865@email.com,2025-05-15,4991
1866,Customer_1866,,Izmir,customer1866@email.com,2025-05-16,4260
1867,Customer_1867,61.0,Ankara,customer1867@email.com,2025-05-17,2361
1868,Customer_1868,71.0,Ankara,customer1868@email.com,2025-05-18,3652
1869,Customer_1869,56.0,Ankara,customer1869@email.com,2025-05-19,3670
1870,Customer_1870,44.0,Ankara,customer1870@email.com,2025-05-20,1753
1871,Customer_1871,27.0,Antalya,customer1871@email.com,2025-05-21,2352
1872,Customer_1872,43.0,Bursa,customer1872@email.com,2025-05-22,1938
1873,Customer_1873,36.0,Istanbul,customer1873@email.com,2025-05-23,370
1874,Customer_1874,56.0,Izmir,customer1874@email.com,2025-05-24,4948
1875,Customer_1875,79.0,Antalya,customer1875@email.com,2025-05-25,4479
1876,Customer_1876,20.0,Istanbul,customer1876@email.com,2025-05-26,1931
1877,Customer_1877,62.0,Antalya,customer1877@email.com,2025-05-27,424
1878,Customer_1878,30.0,Antalya,customer1878@email.com,2025-05-28,4724
1879,Customer_1879,67.0,Izmir,customer1879@email.com,2025-05-29,894
1880,Customer_1880,45.0,Bursa,customer1880@email.com,2025-05-30,597
1881,Customer_1881,79.0,Ankara,customer1881@email.com,2025-05-31,3062
1882,Customer_1882,75.0,Bursa,customer1882@email.com,2025-06-01,2336
1883,Customer_1883,37.0,Izmir,customer1883@email.com,2025-06-02,4688
1884,Customer_1884,45.0,Izmir,customer1884@email.com,2025-06-03,1687
1885,Customer_1885,25.0,Izmir,customer1885@email.com,2025-06-04,572
1886,Customer_1886,78.0,Istanbul,customer1886@email.com,2025-06-05,2090
1887,Customer_1887,,Bursa,customer1887@email.com,2025-06-06,3669
1888,Customer_1888,56.0,Bursa,customer1888@email.com,2025-06-07,4272
1889,Customer_1889,18.0,Antalya,customer1889@email.com,2025-06-08,4624
1890,Customer_1890,20.0,Antalya,customer1890@email.com,2025-06-09,1633
1891,Customer_1891,30.0,Antalya,customer1891@email.com,2025-06-10,1517
1892,Customer_1892,,Izmir,customer1892@email.com,2025-06-11,4293
1893,Customer_1893,79.0,Bursa,customer1893@email.com,2025-06-12,2657
1894,Customer_1894,74.0,Izmir,customer1894@email.com,2025-06-13,3648
1895,Customer_1895,,Istanbul,customer1895@email.com,2025-06-14,4948
1896,Customer_1896,66.0,Antalya,customer1896@email.com,2025-06-15,3588
1897,Customer_1897,42.0,Izmir,customer1897@email.com,2025-06-16,1537
1898,Customer_1898,73.0,Izmir,customer1898@email.com,2025-06-17,3137
1899,Customer_1899,50.0,Istanbul,customer1899@email.com,2025-06-18,97
1900,Customer_1900,55.0,Ankara,customer1900@email.com,2025-06-19,3215
1901,Customer_1901,70.0,Bursa,customer1901@email.com,2025-06-20,4530
1902,Customer_1902,23.0,Ankara,customer1902@email.com,2025-06-21,4732
1903,Customer_1903,75.0,Antalya,customer1903@email.com,2025-06-22,3750
1904,Customer_1904,61.0,Izmir,customer1904@email.com,2025-06-23,3157
1905,Customer_1905,62.0,Istanbul,customer1905@email.com,2025-06-24,4683
1906,Customer_1906,49.0,Istanbul,customer1906@email.com,2025-06-25,343
1907,Customer_1907,62.0,Bursa,customer1907@email.com,2025-06-26,4666
1908,Customer_1908,78.0,Ankara,customer1908@email.com,2025-06-27,610
1909,Customer_1909,64.0,Bursa,customer1909@email.com,2025-06-28,1727
1910,Customer_1910,38.0,Izmir,customer1910@email.com,2025-06-29,2290
1911,Customer_1911,33.0,Bursa,customer1911@email.com,2025-06-30,1854
1912,Customer_1912,71.0,Istanbul,customer1912@email.com,2025-07-01,2608
1913,Customer_1913,38.0,Istanbul,customer1913@email.com,2025-07-02,2079
1914,Customer_1914,28.0,Antalya,customer1914@email.com,2025-07-03,2324
1915,Customer_1915,77.0,Antalya,customer1915@email.com,2025-07-04,4627
1916,Customer_1916,54.0,Izmir,customer1916@email.com,2025-07-05,1177
1917,Customer_1917,53.0,Ankara,customer1917@email.com,2025-07-06,1091
1918,Customer_1918,52.0,Bursa,customer1918@email.com,2025-07-07,4979
1919,Customer_1919,36.0,Izmir,customer1919@email.com,2025-07-08,2791
1920,Customer_1920,,Antalya,customer1920@email.com,2025-07-09,1749
1921,Customer_1921,74.0,Bursa,customer1921@email.com,2025-07-10,2675
1922,Customer_1922,35.0,Antalya,customer1922@email.com,2025-07-11,781
1923,Customer_1923,64.0,Bursa,customer1923@email.com,2025-07-12,3048
1924,Customer_1924,58.0,Ankara,customer1924@email.com,2025-07-13,2105
1925,Customer_1925,66.0,Izmir,customer1925@email.com,2025-07-14,3867
1926,Customer_1926,31.0,Bursa,customer1926@email.com,2025-07-15,4976
1927,Customer_1927,32.0,Istanbul,customer1927@email.com,2025-07-16,4542
1928,Customer_1928,48.0,Istanbul,customer1928@email.com,2025-07-17,2113
1929,Customer_1929,,Bursa,customer1929@email.com,2025-07-18,3970
1930,Customer_1930,,Bursa,customer1930@email.com,2025-07-19,1991
1931,Customer_1931,71.0,Bursa,customer1931@email.com,2025-07-20,1067
1932,Customer_1932,71.0,Istanbul,customer1932@email.com,2025-07-21,1577
1933,Customer_1933,20.0,Istanbul,customer1933@email.com,2025-07-22,1011
1934,Customer_1934,,Bursa,customer1934@email.com,2025-07-23,2274
1935,Customer_1935,,Antalya,customer1935@email.com,2025-07-24,4869
1936,Customer_1936,74.0,Antalya,customer1936@email.com,2025-07-25,1814
1937,Customer_1937,28.0,Ankara,customer1937@email.com,2025-07-26,2426
1938,Customer_1938,29.0,Izmir,customer1938@email.com,2025-07-27,4402
1939,Customer_1939,27.0,Antalya,customer1939@email.com,2025-07-28,4874
1940,Customer_1940,49.0,Istanbul,customer1940@email.com,2025-07-29,2551
1941,Customer_1941,33.0,Antalya,customer1941@email.com,2025-07-30,3657
1942,Customer_1942,,Ankara,customer1942@email.com,2025-07-31,7
1943,Customer_1943,55.0,Ankara,customer1943@email.com,2025-08-01,2555
1944,Customer_1944,29.0,Izmir,customer1944@email.com,2025-08-02,475
1945,Customer_1945,41.0,Antalya,customer1945@email.com,2025-08-03,2211
1946,Customer_1946,45.0,Istanbul,customer1946@email.com,2025-08-04,484
1947,Customer_1947,70.0,Istanbul,customer1947@email.com,2025-08-05,4654
1948,Customer_1948,,Bursa,customer1948@email.com,2025-08-06,2285
1949,Customer_1949,75.0,Istanbul,customer1949@email.com,2025-08-07,4563
1950,Customer_1950,45.0,Izmir,customer1950@email.com,2025-08-08,3525
1951,Customer_1951,53.0,Izmir,customer1951@email.com,2025-08-09,3339
1952,Customer_1952,,Istanbul,customer1952@email.com,2025-08-10,2822
1953,Customer_1953,25.0,Istanbul,customer1953@email.com,2025-08-11,4943
1954,Customer_1954,75.0,Bursa,customer1954@email.com,2025-08-12,2924
1955,Customer_1955,77.0,Istanbul,customer1955@email.com,2025-08-13,258
1956,Customer_1956,67.0,Bursa,customer1956@email.com,2025-08-14,282
1957,Customer_1957,45.0,Bursa,customer1957@email.com,2025-08-15,1898
1958,Customer_1958,45.0,Istanbul,customer1958@email.com,2025-08-16,4135
1959,Customer_1959,54.0,Ankara,customer1959@email.com,2025-08-17,2976
1960,Customer_1960,58.0,Ankara,customer1960@email.com,2025-08-18,2267
1961,Customer_1961,53.0,Bursa,customer1961@email.com,2025-08-19,3200
1962,Customer_1962,44.0,Istanbul,customer1962@email.com,2025-08-20,612
1963,Customer_1963,71.0,Ankara,customer1963@email.com,2025-08-21,687
1964,Customer_1964,34.0,Istanbul,customer1964@email.com,2025-08-22,3690
1965,Customer_1965,26.0,Istanbul,customer1965@email.com,2025-08-23,612
1966,Customer_1966,50.0,Istanbul,customer1966@email.com,2025-08-24,2307
1967,Customer_1967,,Antalya,customer1967@email.com,2025-08-25,3013
1968,Customer_1968,37.0,Istanbul,customer1968@email.com,2025-08-26,1781
1969,Customer_1969,30.0,Antalya,customer1969@email.com,2025-08-27,2591
1970,Customer_1970,45.0,Bursa,customer1970@email.com,2025-08-28,2696
1971,Customer_1971,65.0,Ankara,customer1971@email.com,2025-08-29,3958
1972,Customer_1972,46.0,Ankara,customer1972@email.com,2025-08-30,574
1973,Customer_1973,30.0,Ankara,customer1973@email.com,2025-08-31,1910
1974,Customer_1974,63.0,Ankara,customer1974@email.com,2025-09-01,3604
1975,Customer_1975,52.0,Ankara,customer1975@email.com,2025-09-02,669
1976,Customer_1976,78.0,Ankara,customer1976@email.com,2025-09-03,4364
1977,Customer_1977,23.0,Ankara,customer1977@email.com,2025-09-04,1283
1978,Customer_1978,35.0,Bursa,customer1978@email.com,2025-09-05,923
1979,Customer_1979,68.0,Istanbul,customer1979@email.com,2025-09-06,1125
1980,Customer_1980,,Izmir,customer1980@email.com,2025-09-07,1529
1981,Customer_1981,,Antalya,customer1981@email.com,2025-09-08,1594
1982,Customer_1982,42.0,Izmir,customer1982@email.com,2025-09-09,246
1983,Customer_1983,19.0,Izmir,customer1983@email.com,2025-09-10,3711
1984,Customer_1984,27.0,Istanbul,customer1984@email.com,2025-09-11,1560
1985,Customer_1985,,Istanbul,customer1985@email.com,2025-09-12,2400
1986,Customer_1986,47.0,Istanbul,customer1986@email.com,2025-09-13,2243
1987,Customer_1987,67.0,Ankara,customer1987@email.com,2025-09-14,3864
1988,Customer_1988,76.0,Bursa,customer1988@email.com,2025-09-15,1939
1989,Customer_1989,62.0,Ankara,customer1989@email.com,2025-09-16,3069
1990,Customer_1990,22.0,Bursa,customer1990@email.com,2025-09-17,226
1991,Customer_1991,72.0,Bursa,customer1991@email.com,2025-09-18,3547
1992,Customer_1992,73.0,Izmir,customer1992@email.com,2025-09-19,264
1993,Customer_1993,50.0,Izmir,customer1993@email.com,2025-09-20,1395
1994,Customer_1994,71.0,Bursa,customer1994@email.com,2025-09-21,3557
1995,Customer_1995,,Bursa,customer1995@email.com,2025-09-22,645
1996,Customer_1996,35.0,Ankara,customer1996@email.com,2025-09-23,2990
1997,Customer_1997,49.0,Ankara,customer1997@email.com,2025-09-24,1899
1998,Customer_1998,64.0,Izmir,customer1998@email.com,2025-09-25,2504
1999,Customer_1999,66.0,Istanbul,customer1999@email.com,2025-09-26,2772
