Date,City,Temperature,Humidity,WindSpeed,Precipitation,WeatherCondition
2023-01-01,Istanbul,16.2,89,20.8,0.0,Sunny
2023-01-02,Istanbul,12.9,48,23.2,0.0,Cloudy
2023-01-03,Istanbul,,56,5.4,0.0,Cloudy
2023-01-04,Istanbul,,65,8.7,0.0,Rainy
2023-01-05,Istanbul,15.7,45,14.1,0.0,Cloudy
2023-01-06,Istanbul,19.3,60,21.6,0.0,Cloudy
2023-01-07,Istanbul,15.7,64,16.4,0.0,Cloudy
2023-01-08,Istanbul,17.5,55,5.4,1.2,Windy
2023-01-09,Istanbul,27.4,55,14.5,0.0,Sunny
2023-01-10,Istanbul,9.2,52,4.1,0.0,Sunny
2023-01-11,Istanbul,19.5,67,9.3,0.0,Sunny
2023-01-12,Istanbul,13.3,84,21.0,0.0,Sunny
2023-01-13,Istanbul,14.7,60,10.3,3.1,Rainy
2023-01-14,Istanbul,13.3,83,21.0,4.8,Cloudy
2023-01-15,Istanbul,10.6,62,0.4,0.3,Cloudy
2023-01-16,Istanbul,21.0,85,16.3,0.0,Sunny
2023-01-17,Istanbul,16.3,44,19.1,0.0,Cloudy
2023-01-18,Istanbul,12.4,43,5.1,0.0,Sunny
2023-01-19,Istanbul,23.8,89,2.2,0.0,Foggy
2023-01-20,Istanbul,28.5,89,19.6,0.0,Windy
2023-01-21,Istanbul,24.9,52,16.5,4.0,Windy
2023-01-22,Istanbul,11.0,50,18.9,0.0,Sunny
2023-01-23,Istanbul,20.0,49,21.0,0.0,Cloudy
2023-01-24,Istanbul,21.5,89,5.9,0.0,Cloudy
2023-01-25,Istanbul,12.8,83,18.6,0.0,Rainy
2023-01-26,Istanbul,23.5,58,17.7,0.0,Foggy
2023-01-27,Istanbul,18.1,77,24.8,0.0,Sunny
2023-01-28,Istanbul,14.8,53,17.9,0.0,Sunny
2023-01-29,Istanbul,29.3,46,4.6,0.0,Rainy
2023-01-30,Istanbul,19.0,59,22.9,0.0,Cloudy
2023-01-31,Istanbul,28.7,42,12.0,0.0,Rainy
2023-02-01,Istanbul,17.4,62,20.5,0.0,Windy
2023-02-02,Istanbul,12.7,72,19.5,0.0,Rainy
2023-02-03,Istanbul,15.6,55,15.1,0.0,Sunny
2023-02-04,Istanbul,13.2,76,0.1,0.0,Rainy
2023-02-05,Istanbul,12.7,68,4.4,0.0,Cloudy
2023-02-06,Istanbul,25.2,43,20.3,1.8,Sunny
2023-02-07,Istanbul,17.0,68,6.6,0.0,Cloudy
2023-02-08,Istanbul,22.3,87,16.0,0.0,Sunny
2023-02-09,Istanbul,25.8,43,17.5,0.0,Sunny
2023-02-10,Istanbul,17.4,80,6.6,0.0,Sunny
2023-02-11,Istanbul,17.4,62,17.9,0.0,Sunny
2023-02-12,Istanbul,,75,20.4,0.0,Rainy
2023-02-13,Istanbul,18.7,66,17.2,0.0,Windy
2023-02-14,Istanbul,18.1,86,9.4,0.0,Rainy
2023-02-15,Istanbul,24.5,41,2.6,1.3,Rainy
2023-02-16,Istanbul,26.0,86,21.2,0.0,Cloudy
2023-02-17,Istanbul,15.6,73,19.2,0.0,Cloudy
2023-02-18,Istanbul,27.4,53,5.7,0.0,Foggy
2023-02-19,Istanbul,19.1,46,13.3,1.9,Windy
2023-02-20,Istanbul,20.4,54,24.7,0.0,Rainy
2023-02-21,Istanbul,16.8,45,18.9,0.0,Sunny
2023-02-22,Istanbul,23.8,68,2.2,0.0,Sunny
2023-02-23,Istanbul,20.9,46,9.7,3.5,Foggy
2023-02-24,Istanbul,19.7,45,9.2,1.3,Sunny
2023-02-25,Istanbul,18.6,62,7.5,0.0,Cloudy
2023-02-26,Istanbul,21.5,66,0.8,0.0,Windy
2023-02-27,Istanbul,40.6,40,19.8,0.0,Sunny
2023-02-28,Istanbul,25.0,56,24.6,0.0,Rainy
2023-03-01,Istanbul,23.3,89,16.8,0.0,Foggy
2023-03-02,Istanbul,22.9,62,18.4,0.0,Sunny
2023-03-03,Istanbul,25.6,48,24.5,0.0,Foggy
2023-03-04,Istanbul,31.8,55,13.1,0.0,Cloudy
2023-03-05,Istanbul,26.5,69,5.8,0.0,Sunny
2023-03-06,Istanbul,27.2,66,9.2,0.0,Windy
2023-03-07,Istanbul,16.1,79,24.8,1.2,Sunny
2023-03-08,Istanbul,32.9,71,3.7,2.0,Rainy
2023-03-09,Istanbul,27.2,66,4.1,0.0,Cloudy
2023-03-10,Istanbul,26.5,84,16.9,0.3,Sunny
2023-03-11,Istanbul,22.6,60,19.2,0.0,Sunny
2023-03-12,Istanbul,24.6,87,4.9,0.0,Cloudy
2023-03-13,Istanbul,27.0,81,8.8,3.6,Sunny
2023-03-14,Istanbul,25.8,79,16.8,0.0,Sunny
2023-03-15,Istanbul,20.8,82,6.2,0.0,Windy
2023-03-16,Istanbul,21.2,60,11.7,0.8,Sunny
2023-03-17,Istanbul,24.5,58,4.7,0.0,Cloudy
2023-03-18,Istanbul,22.6,74,16.4,0.0,Rainy
2023-03-19,Istanbul,18.5,40,24.0,0.0,Cloudy
2023-03-20,Istanbul,24.4,48,4.7,0.0,Cloudy
2023-03-21,Istanbul,23.4,46,20.6,0.0,Cloudy
2023-03-22,Istanbul,17.6,44,14.6,2.2,Sunny
2023-03-23,Istanbul,32.2,62,12.9,0.0,Cloudy
2023-03-24,Istanbul,25.5,48,0.2,0.0,Foggy
2023-03-25,Istanbul,23.8,86,6.3,0.0,Sunny
2023-03-26,Istanbul,27.0,67,20.0,0.5,Sunny
2023-03-27,Istanbul,32.1,54,9.8,0.0,Sunny
2023-03-28,Istanbul,21.4,53,22.2,0.0,Cloudy
2023-03-29,Istanbul,19.2,81,24.6,0.0,Sunny
2023-03-30,Istanbul,29.5,67,8.5,0.0,Sunny
2023-03-31,Istanbul,20.8,60,17.8,0.3,Sunny
2023-04-01,Istanbul,31.1,61,13.0,0.0,Sunny
2023-04-02,Istanbul,20.7,63,2.8,0.0,Sunny
2023-04-03,Istanbul,22.2,66,23.9,3.0,Sunny
2023-04-04,Istanbul,25.5,45,5.7,0.0,Cloudy
2023-04-05,Istanbul,35.4,64,8.4,0.6,Rainy
2023-04-06,Istanbul,20.7,46,15.9,0.0,Sunny
2023-04-07,Istanbul,26.2,55,13.3,0.0,Sunny
2023-04-08,Istanbul,26.3,80,0.3,1.4,Sunny
2023-04-09,Istanbul,18.2,59,19.4,0.0,Cloudy
2023-04-10,Istanbul,23.7,43,7.0,3.5,Sunny
2023-04-11,Istanbul,25.8,86,19.6,0.0,Cloudy
2023-04-12,Istanbul,28.9,82,15.0,0.0,Sunny
2023-04-13,Istanbul,22.2,65,13.5,0.0,Rainy
2023-04-14,Istanbul,28.2,45,20.1,0.6,Cloudy
2023-04-15,Istanbul,27.1,54,11.4,2.0,Rainy
2023-04-16,Istanbul,29.0,43,5.2,0.0,Windy
2023-04-17,Istanbul,13.7,53,20.5,0.0,Foggy
2023-04-18,Istanbul,30.3,60,15.7,0.0,Cloudy
2023-04-19,Istanbul,35.3,51,7.2,2.5,Sunny
2023-04-20,Istanbul,23.7,69,0.4,0.0,Sunny
2023-04-21,Istanbul,29.1,44,19.8,0.0,Sunny
2023-04-22,Istanbul,28.0,50,13.9,0.0,Windy
2023-04-23,Istanbul,19.4,79,23.3,0.0,Cloudy
2023-04-24,Istanbul,24.7,64,11.3,0.6,Rainy
2023-04-25,Istanbul,18.0,83,0.4,0.0,Sunny
2023-04-26,Istanbul,17.5,58,16.2,0.6,Cloudy
2023-04-27,Istanbul,18.7,50,2.2,0.0,Cloudy
2023-04-28,Istanbul,28.2,74,16.6,0.2,Sunny
2023-04-29,Istanbul,22.3,89,11.3,0.0,Sunny
2023-04-30,Istanbul,19.0,82,7.3,3.6,Cloudy
2023-05-01,Istanbul,23.7,44,5.1,0.7,Rainy
2023-05-02,Istanbul,24.1,58,4.6,0.3,Windy
2023-05-03,Istanbul,28.6,82,15.6,0.0,Sunny
2023-05-04,Istanbul,26.9,48,14.3,2.4,Rainy
2023-05-05,Istanbul,23.8,82,17.8,0.0,Cloudy
2023-05-06,Istanbul,25.1,68,16.6,0.0,Cloudy
2023-05-07,Istanbul,26.0,51,2.6,0.0,Cloudy
2023-05-08,Istanbul,,89,10.6,0.0,Cloudy
2023-05-09,Istanbul,23.1,46,20.3,0.8,Rainy
2023-05-10,Istanbul,21.4,43,5.3,0.0,Cloudy
2023-05-11,Istanbul,20.1,68,16.2,0.0,Cloudy
2023-05-12,Istanbul,20.8,85,2.8,0.0,Sunny
2023-05-13,Istanbul,25.8,47,2.7,0.0,Sunny
2023-05-14,Istanbul,17.8,41,19.9,0.0,Cloudy
2023-05-15,Istanbul,12.9,50,6.5,0.0,Cloudy
2023-05-16,Istanbul,22.5,47,14.5,0.0,Sunny
2023-05-17,Istanbul,27.6,84,17.9,0.0,Cloudy
2023-05-18,Istanbul,11.1,87,3.2,0.0,Windy
2023-05-19,Istanbul,27.9,50,19.6,0.0,Sunny
2023-05-20,Istanbul,23.2,41,3.8,0.0,Sunny
2023-05-21,Istanbul,27.1,72,16.0,0.0,Sunny
2023-05-22,Istanbul,10.1,65,7.3,0.0,Cloudy
2023-05-23,Istanbul,24.4,56,12.7,0.0,Sunny
2023-05-24,Istanbul,18.3,75,5.4,0.4,Windy
2023-05-25,Istanbul,20.2,75,3.4,0.0,Cloudy
2023-05-26,Istanbul,16.9,50,25.0,0.3,Rainy
2023-05-27,Istanbul,20.5,63,12.3,0.0,Cloudy
2023-05-28,Istanbul,26.7,71,4.0,4.5,Sunny
2023-05-29,Istanbul,24.7,79,15.7,0.2,Cloudy
2023-05-30,Istanbul,21.5,51,0.1,0.0,Sunny
2023-05-31,Istanbul,13.4,62,15.1,0.0,Sunny
2023-06-01,Istanbul,22.0,62,10.9,4.7,Sunny
2023-06-02,Istanbul,15.3,80,20.7,0.0,Rainy
2023-06-03,Istanbul,26.3,56,23.9,0.7,Sunny
2023-06-04,Istanbul,26.9,84,4.0,0.0,Sunny
2023-06-05,Istanbul,14.2,73,21.0,0.0,Cloudy
2023-06-06,Istanbul,23.4,81,3.5,1.3,Sunny
2023-06-07,Istanbul,22.1,84,21.8,0.0,Sunny
2023-06-08,Istanbul,22.3,58,4.9,2.9,Windy
2023-06-09,Istanbul,6.5,87,8.7,0.0,Sunny
2023-06-10,Istanbul,14.1,68,2.3,0.0,Sunny
2023-06-11,Istanbul,22.5,66,12.4,0.0,Sunny
2023-06-12,Istanbul,19.8,81,1.8,1.7,Sunny
2023-06-13,Istanbul,16.8,67,8.6,0.0,Cloudy
2023-06-14,Istanbul,14.9,76,23.7,0.0,Windy
2023-06-15,Istanbul,14.9,70,16.0,0.0,Windy
2023-06-16,Istanbul,12.9,87,21.2,0.0,Rainy
2023-06-17,Istanbul,16.1,81,1.6,0.0,Cloudy
2023-06-18,Istanbul,11.2,66,8.7,0.0,Sunny
2023-06-19,Istanbul,16.3,88,23.5,0.0,Cloudy
2023-06-20,Istanbul,8.0,75,3.9,0.0,Windy
2023-06-21,Istanbul,19.3,67,11.9,1.0,Sunny
2023-06-22,Istanbul,18.7,60,18.7,0.2,Rainy
2023-06-23,Istanbul,13.9,52,15.0,0.0,Rainy
2023-06-24,Istanbul,17.5,83,22.3,0.0,Cloudy
2023-06-25,Istanbul,17.7,49,20.3,0.0,Windy
2023-06-26,Istanbul,16.9,83,10.3,0.0,Cloudy
2023-06-27,Istanbul,12.7,59,15.8,0.0,Cloudy
2023-06-28,Istanbul,6.3,81,14.4,0.0,Sunny
2023-06-29,Istanbul,13.2,66,16.2,1.9,Sunny
2023-06-30,Istanbul,13.0,40,14.7,2.4,Sunny
2023-07-01,Istanbul,16.9,65,6.1,1.0,Sunny
2023-07-02,Istanbul,12.8,81,18.9,4.0,Cloudy
2023-07-03,Istanbul,20.2,85,10.3,2.5,Sunny
2023-07-04,Istanbul,7.0,68,16.3,2.1,Cloudy
2023-07-05,Istanbul,18.5,77,19.4,0.0,Windy
2023-07-06,Istanbul,17.4,54,17.2,3.1,Foggy
2023-07-07,Istanbul,14.3,88,23.7,0.0,Sunny
2023-07-08,Istanbul,24.3,52,11.1,3.0,Sunny
2023-07-09,Istanbul,16.6,55,23.3,0.0,Rainy
2023-07-10,Istanbul,17.7,78,6.0,0.0,Cloudy
2023-07-11,Istanbul,23.8,71,3.8,0.3,Sunny
2023-07-12,Istanbul,11.9,48,5.3,0.0,Cloudy
2023-07-13,Istanbul,14.5,79,22.2,2.4,Sunny
2023-07-14,Istanbul,6.0,61,16.0,0.0,Sunny
2023-07-15,Istanbul,5.7,52,10.6,0.0,Sunny
2023-07-16,Istanbul,18.8,49,9.5,0.0,Sunny
2023-07-17,Istanbul,15.1,66,15.4,0.0,Cloudy
2023-07-18,Istanbul,11.3,57,12.6,2.4,Cloudy
2023-07-19,Istanbul,12.7,78,17.1,0.0,Sunny
2023-07-20,Istanbul,17.9,55,8.0,0.0,Sunny
2023-07-21,Istanbul,7.1,40,17.1,0.0,Sunny
2023-07-22,Istanbul,16.5,52,2.8,0.0,Sunny
2023-07-23,Istanbul,9.0,49,14.9,0.0,Sunny
2023-07-24,Istanbul,1.3,70,19.7,0.0,Rainy
2023-07-25,Istanbul,17.6,88,13.5,0.0,Sunny
2023-07-26,Istanbul,11.6,74,24.3,0.0,Sunny
2023-07-27,Istanbul,12.4,71,18.8,0.0,Sunny
2023-07-28,Istanbul,4.5,50,16.8,0.0,Cloudy
2023-07-29,Istanbul,13.6,86,7.8,0.0,Sunny
2023-07-30,Istanbul,12.0,66,9.2,0.0,Rainy
2023-07-31,Istanbul,14.1,69,3.3,0.0,Sunny
2023-08-01,Istanbul,10.8,89,1.6,0.3,Windy
2023-08-02,Istanbul,,88,15.7,2.5,Cloudy
2023-08-03,Istanbul,4.5,68,7.2,0.2,Cloudy
2023-08-04,Istanbul,10.0,84,17.8,0.0,Sunny
2023-08-05,Istanbul,5.3,67,6.1,0.0,Foggy
2023-08-06,Istanbul,,49,11.5,0.3,Cloudy
2023-08-07,Istanbul,2.6,40,8.4,0.0,Sunny
2023-08-08,Istanbul,12.1,52,16.9,0.0,Sunny
2023-08-09,Istanbul,8.6,57,8.7,0.0,Windy
2023-08-10,Istanbul,5.2,53,17.1,3.4,Rainy
2023-08-11,Istanbul,10.2,73,10.2,0.0,Rainy
2023-08-12,Istanbul,11.5,87,20.4,0.0,Windy
2023-08-13,Istanbul,6.7,51,9.7,1.6,Cloudy
2023-08-14,Istanbul,4.3,40,24.2,0.0,Cloudy
2023-08-15,Istanbul,20.0,69,10.3,0.0,Foggy
2023-08-16,Istanbul,-1.4,84,9.0,0.0,Sunny
2023-08-17,Istanbul,11.4,60,16.0,0.0,Cloudy
2023-08-18,Istanbul,-0.8,47,19.9,2.0,Cloudy
2023-08-19,Istanbul,7.7,53,13.0,0.0,Rainy
2023-08-20,Istanbul,14.5,72,4.9,0.0,Cloudy
2023-08-21,Istanbul,-4.3,49,20.0,0.0,Cloudy
2023-08-22,Istanbul,3.4,82,19.8,0.0,Cloudy
2023-08-23,Istanbul,13.9,69,24.3,0.0,Cloudy
2023-08-24,Istanbul,14.0,67,21.4,0.0,Foggy
2023-08-25,Istanbul,12.7,87,22.9,0.7,Cloudy
2023-08-26,Istanbul,7.1,43,11.7,0.0,Cloudy
2023-08-27,Istanbul,7.5,71,8.1,0.0,Sunny
2023-08-28,Istanbul,3.9,67,19.9,1.3,Cloudy
2023-08-29,Istanbul,4.8,66,4.6,0.7,Windy
2023-08-30,Istanbul,3.1,63,19.4,0.0,Sunny
2023-08-31,Istanbul,6.8,68,8.2,4.5,Cloudy
2023-09-01,Istanbul,4.1,85,17.0,6.6,Cloudy
2023-09-02,Istanbul,6.5,67,15.3,0.0,Windy
2023-09-03,Istanbul,3.7,85,0.0,0.0,Cloudy
2023-09-04,Istanbul,9.1,60,2.7,0.0,Sunny
2023-09-05,Istanbul,7.9,58,1.3,0.0,Sunny
2023-09-06,Istanbul,5.2,69,4.2,0.0,Sunny
2023-09-07,Istanbul,2.1,71,13.1,0.0,Rainy
2023-09-08,Istanbul,5.3,79,3.7,0.0,Rainy
2023-09-09,Istanbul,11.7,59,15.8,5.0,Sunny
2023-09-10,Istanbul,4.3,60,1.4,0.0,Sunny
2023-09-11,Istanbul,5.8,80,6.5,0.0,Rainy
2023-09-12,Istanbul,3.2,81,17.0,0.0,Sunny
2023-09-13,Istanbul,5.8,58,13.3,2.1,Cloudy
2023-09-14,Istanbul,-4.2,61,21.8,0.0,Cloudy
2023-09-15,Istanbul,8.0,49,2.9,0.0,Rainy
2023-09-16,Istanbul,-0.2,52,7.3,0.0,Sunny
2023-09-17,Istanbul,6.5,58,22.0,0.0,Sunny
2023-09-18,Istanbul,-2.6,61,5.3,0.1,Sunny
2023-09-19,Istanbul,18.3,66,17.5,0.0,Cloudy
2023-09-20,Istanbul,-2.0,72,9.0,2.9,Windy
2023-09-21,Istanbul,6.2,53,1.2,1.8,Sunny
2023-09-22,Istanbul,5.8,61,14.5,0.0,Foggy
2023-09-23,Istanbul,-0.8,43,7.9,0.0,Cloudy
2023-09-24,Istanbul,-1.6,44,19.4,7.4,Cloudy
2023-09-25,Istanbul,11.8,79,7.8,1.5,Sunny
2023-09-26,Istanbul,3.8,88,24.7,3.6,Sunny
2023-09-27,Istanbul,2.8,44,2.2,0.0,Cloudy
2023-09-28,Istanbul,8.4,83,19.9,0.0,Rainy
2023-09-29,Istanbul,5.9,59,13.1,3.4,Windy
2023-09-30,Istanbul,3.8,68,24.9,0.0,Sunny
2023-10-01,Istanbul,3.2,64,11.5,0.0,Sunny
2023-10-02,Istanbul,-0.3,57,17.1,1.4,Windy
2023-10-03,Istanbul,2.8,48,16.9,0.0,Sunny
2023-10-04,Istanbul,8.3,63,13.6,0.0,Sunny
2023-10-05,Istanbul,0.8,69,12.9,10.3,Sunny
2023-10-06,Istanbul,-1.1,44,20.2,1.8,Cloudy
2023-10-07,Istanbul,4.1,76,1.3,0.0,Cloudy
2023-10-08,Istanbul,1.5,88,11.5,4.2,Rainy
2023-10-09,Istanbul,1.1,66,13.1,0.0,Sunny
2023-10-10,Istanbul,14.0,51,4.4,0.0,Sunny
2023-10-11,Istanbul,12.2,67,4.6,0.0,Rainy
2023-10-12,Istanbul,1.6,59,18.3,0.0,Cloudy
2023-10-13,Istanbul,9.7,72,13.6,0.0,Rainy
2023-10-14,Istanbul,4.5,48,13.0,0.0,Cloudy
2023-10-15,Istanbul,6.7,61,7.3,0.0,Sunny
2023-10-16,Istanbul,6.2,60,19.5,0.0,Cloudy
2023-10-17,Istanbul,6.7,66,7.1,1.9,Cloudy
2023-10-18,Istanbul,-3.2,65,6.9,9.0,Windy
2023-10-19,Istanbul,12.6,43,16.1,0.0,Rainy
2023-10-20,Istanbul,9.1,85,10.0,0.0,Windy
2023-10-21,Istanbul,1.5,81,12.3,0.0,Cloudy
2023-10-22,Istanbul,2.4,47,5.2,3.6,Cloudy
2023-10-23,Istanbul,6.8,53,1.7,0.0,Cloudy
2023-10-24,Istanbul,-5.8,78,4.4,0.0,Windy
2023-10-25,Istanbul,0.4,57,15.7,0.0,Cloudy
2023-10-26,Istanbul,5.9,43,4.3,2.4,Cloudy
2023-10-27,Istanbul,3.5,66,15.4,0.0,Cloudy
2023-10-28,Istanbul,4.0,64,9.5,0.0,Rainy
2023-10-29,Istanbul,12.4,66,2.6,1.3,Rainy
2023-10-30,Istanbul,7.5,73,15.5,1.0,Cloudy
2023-10-31,Istanbul,8.5,84,9.9,0.0,Windy
2023-11-01,Istanbul,12.5,87,14.8,0.0,Sunny
2023-11-02,Istanbul,12.5,52,2.7,0.0,Sunny
2023-11-03,Istanbul,13.0,84,3.2,1.5,Sunny
2023-11-04,Istanbul,1.8,57,19.6,0.0,Cloudy
2023-11-05,Istanbul,7.1,45,5.6,10.5,Cloudy
2023-11-06,Istanbul,7.4,64,9.0,0.0,Sunny
2023-11-07,Istanbul,0.3,69,0.6,0.0,Windy
2023-11-08,Istanbul,,83,12.9,0.0,Sunny
2023-11-09,Istanbul,16.1,53,13.9,0.0,Cloudy
2023-11-10,Istanbul,-0.4,77,20.5,0.0,Rainy
2023-11-11,Istanbul,-4.4,87,13.3,0.0,Sunny
2023-11-12,Istanbul,8.8,40,17.1,3.6,Windy
2023-11-13,Istanbul,21.9,66,3.6,0.0,Cloudy
2023-11-14,Istanbul,9.9,61,1.1,0.8,Foggy
2023-11-15,Istanbul,3.3,84,17.2,0.0,Sunny
2023-11-16,Istanbul,8.7,81,24.8,0.0,Cloudy
2023-11-17,Istanbul,10.9,44,3.4,0.1,Cloudy
2023-11-18,Istanbul,-4.0,80,16.3,4.1,Sunny
2023-11-19,Istanbul,8.5,56,0.4,3.5,Cloudy
2023-11-20,Istanbul,9.5,62,21.4,1.2,Cloudy
2023-11-21,Istanbul,3.5,45,2.6,2.2,Rainy
2023-11-22,Istanbul,13.5,47,7.9,0.0,Cloudy
2023-11-23,Istanbul,4.2,53,6.0,0.6,Sunny
2023-11-24,Istanbul,3.5,42,22.3,0.9,Sunny
2023-11-25,Istanbul,9.3,43,8.6,0.6,Cloudy
2023-11-26,Istanbul,9.3,77,0.1,0.0,Sunny
2023-11-27,Istanbul,4.8,60,19.4,3.5,Cloudy
2023-11-28,Istanbul,8.6,40,24.4,0.0,Rainy
2023-11-29,Istanbul,-6.2,50,16.5,0.0,Rainy
2023-11-30,Istanbul,12.2,46,19.1,0.0,Sunny
2023-12-01,Istanbul,11.2,40,20.2,0.0,Sunny
2023-12-02,Istanbul,12.6,48,0.2,0.2,Sunny
2023-12-03,Istanbul,9.7,63,20.1,5.1,Cloudy
2023-12-04,Istanbul,,72,12.8,0.0,Foggy
2023-12-05,Istanbul,12.5,70,9.0,0.1,Sunny
2023-12-06,Istanbul,14.0,66,8.8,0.0,Sunny
2023-12-07,Istanbul,2.8,64,8.4,0.0,Sunny
2023-12-08,Istanbul,16.8,77,7.4,0.0,Cloudy
2023-12-09,Istanbul,10.0,44,6.3,0.0,Rainy
2023-12-10,Istanbul,3.3,64,18.8,0.0,Cloudy
2023-12-11,Istanbul,7.3,60,21.6,0.0,Cloudy
2023-12-12,Istanbul,14.7,80,24.8,0.0,Windy
2023-12-13,Istanbul,12.8,65,7.0,0.0,Windy
2023-12-14,Istanbul,9.2,66,5.1,0.0,Cloudy
2023-12-15,Istanbul,7.4,54,6.9,0.1,Rainy
2023-12-16,Istanbul,19.0,88,24.8,0.0,Cloudy
2023-12-17,Istanbul,19.0,70,1.6,0.0,Sunny
2023-12-18,Istanbul,8.3,82,10.9,0.0,Sunny
2023-12-19,Istanbul,9.1,44,20.3,1.0,Sunny
2023-12-20,Istanbul,8.0,41,6.9,0.0,Rainy
2023-12-21,Istanbul,3.8,50,1.1,0.2,Cloudy
2023-12-22,Istanbul,21.6,49,4.8,0.0,Cloudy
2023-12-23,Istanbul,25.2,55,14.7,0.0,Windy
2023-12-24,Istanbul,17.3,57,16.1,0.0,Cloudy
2023-12-25,Istanbul,14.0,61,12.1,2.8,Cloudy
2023-12-26,Istanbul,19.6,40,22.5,0.3,Cloudy
2023-12-27,Istanbul,21.0,69,8.2,0.0,Cloudy
2023-12-28,Istanbul,14.4,50,24.1,0.0,Foggy
2023-12-29,Istanbul,14.0,85,7.6,0.0,Cloudy
2023-12-30,Istanbul,18.7,54,13.1,0.0,Sunny
2023-12-31,Istanbul,31.0,68,19.9,0.0,Windy
2024-01-01,Istanbul,19.0,67,20.7,0.7,Windy
2024-01-02,Istanbul,19.4,85,7.7,0.0,Cloudy
2024-01-03,Istanbul,20.0,68,14.4,0.0,Sunny
2024-01-04,Istanbul,18.2,82,11.0,0.0,Sunny
2024-01-05,Istanbul,12.0,79,2.7,0.8,Cloudy
2024-01-06,Istanbul,19.7,82,4.5,0.0,Sunny
2024-01-07,Istanbul,25.2,40,2.6,0.0,Sunny
2024-01-08,Istanbul,15.9,45,18.9,0.0,Rainy
2024-01-09,Istanbul,13.5,65,16.0,0.0,Sunny
2024-01-10,Istanbul,13.5,83,24.6,0.0,Sunny
2024-01-11,Istanbul,16.0,58,0.1,0.0,Sunny
2024-01-12,Istanbul,22.5,62,13.9,0.0,Cloudy
2024-01-13,Istanbul,19.3,65,3.0,1.0,Windy
2024-01-14,Istanbul,21.4,58,17.7,0.0,Rainy
2024-01-15,Istanbul,18.2,61,22.1,0.0,Foggy
2024-01-16,Istanbul,15.3,59,20.4,0.3,Sunny
2024-01-17,Istanbul,8.8,87,16.8,0.0,Sunny
2024-01-18,Istanbul,16.6,42,0.1,0.0,Cloudy
2024-01-19,Istanbul,15.7,41,2.0,0.0,Rainy
2024-01-20,Istanbul,17.7,71,12.7,0.0,Sunny
2024-01-21,Istanbul,15.1,53,20.7,1.3,Cloudy
2024-01-22,Istanbul,27.1,53,22.6,0.2,Foggy
2024-01-23,Istanbul,23.2,69,24.5,0.0,Cloudy
2024-01-24,Istanbul,22.8,52,9.7,0.7,Windy
2024-01-25,Istanbul,18.8,62,7.0,0.1,Windy
2024-01-26,Istanbul,22.4,78,3.9,0.0,Windy
2024-01-27,Istanbul,18.9,59,20.8,2.5,Sunny
2024-01-28,Istanbul,7.3,83,6.1,0.0,Sunny
2024-01-29,Istanbul,14.0,69,24.0,0.0,Cloudy
2024-01-30,Istanbul,21.9,51,6.6,0.0,Sunny
2024-01-31,Istanbul,14.7,53,19.6,0.0,Sunny
2024-02-01,Istanbul,23.4,45,8.6,3.8,Sunny
2024-02-02,Istanbul,17.0,62,10.1,4.1,Cloudy
2024-02-03,Istanbul,28.1,77,11.9,0.0,Foggy
2024-02-04,Istanbul,20.0,73,4.4,0.0,Foggy
2024-02-05,Istanbul,18.9,59,7.2,0.0,Cloudy
2024-02-06,Istanbul,23.2,59,9.9,0.0,Sunny
2024-02-07,Istanbul,29.1,88,20.8,0.0,Cloudy
2024-02-08,Istanbul,23.5,88,18.8,0.0,Sunny
2024-02-09,Istanbul,26.9,63,21.6,0.6,Sunny
2024-02-10,Istanbul,18.8,52,15.4,0.0,Cloudy
2024-02-11,Istanbul,24.8,63,12.1,2.4,Sunny
2024-02-12,Istanbul,15.9,55,23.1,0.0,Cloudy
2024-02-13,Istanbul,28.6,70,24.0,0.0,Rainy
2024-02-14,Istanbul,14.8,87,16.4,0.0,Rainy
2024-02-15,Istanbul,25.4,76,24.0,0.0,Sunny
2024-02-16,Istanbul,17.1,48,19.3,0.0,Windy
2024-02-17,Istanbul,19.4,66,1.3,3.2,Sunny
2024-02-18,Istanbul,18.2,45,9.4,0.0,Cloudy
2024-02-19,Istanbul,20.5,68,4.6,1.8,Sunny
2024-02-20,Istanbul,,51,13.5,0.2,Cloudy
2024-02-21,Istanbul,21.3,69,8.6,0.0,Foggy
2024-02-22,Istanbul,22.8,74,7.9,0.0,Sunny
2024-02-23,Istanbul,23.3,59,5.5,0.4,Sunny
2024-02-24,Istanbul,31.5,72,2.0,1.1,Cloudy
2024-02-25,Istanbul,29.2,84,23.2,0.0,Sunny
2024-02-26,Istanbul,21.4,88,24.6,0.1,Windy
2024-02-27,Istanbul,22.4,86,4.9,0.0,Sunny
2024-02-28,Istanbul,22.0,48,4.0,0.0,Cloudy
2024-02-29,Istanbul,23.3,61,10.6,0.0,Rainy
2024-03-01,Istanbul,19.8,43,6.2,0.0,Cloudy
2024-03-02,Istanbul,27.3,50,15.2,0.0,Rainy
2024-03-03,Istanbul,23.2,62,7.2,2.8,Sunny
2024-03-04,Istanbul,22.4,43,7.8,0.0,Cloudy
2024-03-05,Istanbul,11.0,74,20.0,0.0,Cloudy
2024-03-06,Istanbul,27.6,40,19.9,0.0,Sunny
2024-03-07,Istanbul,19.6,85,5.5,0.0,Cloudy
2024-03-08,Istanbul,28.8,63,11.9,0.2,Rainy
2024-03-09,Istanbul,26.9,71,9.1,2.5,Windy
2024-03-10,Istanbul,24.3,70,14.5,0.2,Sunny
2024-03-11,Istanbul,16.2,75,7.4,1.7,Rainy
2024-03-12,Istanbul,18.5,89,6.8,0.0,Sunny
2024-03-13,Istanbul,22.4,67,22.2,3.4,Sunny
2024-03-14,Istanbul,18.6,44,15.3,0.0,Foggy
2024-03-15,Istanbul,28.4,49,0.9,0.0,Sunny
2024-03-16,Istanbul,30.2,63,24.9,0.0,Sunny
2024-03-17,Istanbul,15.7,85,0.6,0.0,Sunny
2024-03-18,Istanbul,20.9,89,2.4,0.0,Rainy
2024-03-19,Istanbul,30.6,52,7.4,3.9,Windy
2024-03-20,Istanbul,20.9,87,13.3,0.0,Cloudy
2024-03-21,Istanbul,17.4,57,2.5,0.0,Windy
2024-03-22,Istanbul,21.3,50,24.2,0.8,Sunny
2024-03-23,Istanbul,24.8,49,13.0,2.0,Windy
2024-03-24,Istanbul,25.8,59,12.9,0.0,Sunny
2024-03-25,Istanbul,24.4,77,11.0,0.0,Cloudy
2024-03-26,Istanbul,22.3,80,7.0,0.0,Cloudy
2024-03-27,Istanbul,22.5,48,1.2,0.0,Rainy
2024-03-28,Istanbul,31.8,63,8.7,0.0,Cloudy
2024-03-29,Istanbul,26.2,40,23.6,0.0,Cloudy
2024-03-30,Istanbul,21.0,78,21.6,0.4,Cloudy
2024-03-31,Istanbul,24.4,68,3.6,0.0,Cloudy
2024-04-01,Istanbul,30.4,64,17.0,0.4,Sunny
2024-04-02,Istanbul,19.5,71,10.1,0.0,Sunny
2024-04-03,Istanbul,18.5,80,9.3,0.0,Rainy
2024-04-04,Istanbul,23.5,45,19.4,0.0,Rainy
2024-04-05,Istanbul,24.6,49,15.6,0.0,Cloudy
2024-04-06,Istanbul,20.7,70,12.5,0.0,Cloudy
2024-04-07,Istanbul,16.6,58,7.0,2.2,Cloudy
2024-04-08,Istanbul,33.4,74,22.6,0.0,Sunny
2024-04-09,Istanbul,21.6,63,10.5,0.0,Cloudy
2024-04-10,Istanbul,17.2,65,22.0,0.0,Cloudy
2024-04-11,Istanbul,25.5,53,5.0,0.0,Sunny
2024-04-12,Istanbul,15.4,84,13.0,3.6,Cloudy
2024-04-13,Istanbul,31.6,61,4.6,0.0,Sunny
2024-04-14,Istanbul,24.9,70,15.0,0.4,Cloudy
2024-04-15,Istanbul,27.6,68,15.7,0.0,Sunny
2024-04-16,Istanbul,26.1,77,23.6,0.0,Foggy
2024-04-17,Istanbul,28.3,71,18.3,0.0,Sunny
2024-04-18,Istanbul,29.0,64,14.8,0.4,Sunny
2024-04-19,Istanbul,26.4,89,19.2,0.0,Windy
2024-04-20,Istanbul,25.1,44,0.1,2.0,Windy
2024-04-21,Istanbul,20.5,55,13.1,0.0,Sunny
2024-04-22,Istanbul,29.5,68,13.1,0.0,Rainy
2024-04-23,Istanbul,28.4,52,22.5,0.0,Rainy
2024-04-24,Istanbul,23.9,42,11.6,0.0,Cloudy
2024-04-25,Istanbul,18.1,48,2.8,0.0,Sunny
2024-04-26,Istanbul,25.4,54,11.0,0.0,Windy
2024-04-27,Istanbul,27.4,87,23.2,1.8,Cloudy
2024-04-28,Istanbul,24.7,47,10.5,0.0,Cloudy
2024-04-29,Istanbul,33.7,51,23.7,0.0,Sunny
2024-04-30,Istanbul,25.3,78,23.0,0.0,Cloudy
2024-05-01,Istanbul,,43,2.7,0.0,Cloudy
2024-05-02,Istanbul,25.0,47,0.4,0.0,Sunny
2024-05-03,Istanbul,19.2,76,14.0,0.2,Windy
2024-05-04,Istanbul,26.3,79,17.0,0.0,Sunny
2024-05-05,Istanbul,15.8,67,19.6,0.8,Sunny
2024-05-06,Istanbul,20.7,79,20.5,0.0,Sunny
2024-05-07,Istanbul,25.3,49,24.4,2.2,Sunny
2024-05-08,Istanbul,27.2,65,1.2,0.0,Rainy
2024-05-09,Istanbul,22.9,44,13.7,2.2,Rainy
2024-05-10,Istanbul,19.8,77,12.2,4.3,Windy
2024-05-11,Istanbul,28.0,51,22.9,0.0,Foggy
2024-05-12,Istanbul,23.6,68,3.7,4.1,Sunny
2024-05-13,Istanbul,19.3,58,22.3,0.0,Cloudy
2024-05-14,Istanbul,20.4,83,18.6,0.0,Rainy
2024-05-15,Istanbul,27.4,43,12.9,2.3,Cloudy
2024-05-16,Istanbul,17.5,65,7.9,0.0,Cloudy
2024-05-17,Istanbul,22.6,40,14.1,0.0,Sunny
2024-05-18,Istanbul,19.3,52,14.6,0.0,Cloudy
2024-05-19,Istanbul,19.5,77,4.8,0.0,Sunny
2024-05-20,Istanbul,17.7,76,17.7,2.2,Sunny
2024-05-21,Istanbul,22.7,53,22.0,0.9,Sunny
2024-05-22,Istanbul,17.1,89,7.7,0.7,Sunny
2024-05-23,Istanbul,18.1,67,24.3,5.3,Sunny
2024-05-24,Istanbul,22.9,46,18.0,0.0,Sunny
2024-05-25,Istanbul,,64,4.4,0.0,Cloudy
2024-05-26,Istanbul,21.7,59,15.8,4.8,Cloudy
2024-05-27,Istanbul,25.5,40,0.0,0.0,Sunny
2024-05-28,Istanbul,19.4,66,1.9,0.0,Foggy
2024-05-29,Istanbul,14.6,89,22.1,0.1,Cloudy
2024-05-30,Istanbul,23.0,71,21.6,0.0,Sunny
2024-05-31,Istanbul,23.2,77,17.6,0.0,Sunny
2024-06-01,Istanbul,13.2,76,16.6,0.0,Sunny
2024-06-02,Istanbul,17.4,49,13.9,0.0,Windy
2024-06-03,Istanbul,9.7,72,7.8,0.0,Rainy
2024-06-04,Istanbul,12.3,42,12.1,0.0,Cloudy
2024-06-05,Istanbul,26.2,43,8.4,0.0,Rainy
2024-06-06,Istanbul,18.8,81,3.5,2.9,Rainy
2024-06-07,Istanbul,30.6,59,21.9,0.0,Sunny
2024-06-08,Istanbul,15.4,46,1.0,0.0,Sunny
2024-06-09,Istanbul,23.1,61,14.8,0.9,Cloudy
2024-06-10,Istanbul,22.0,54,9.6,0.0,Cloudy
2024-06-11,Istanbul,16.4,85,9.9,0.0,Rainy
2024-06-12,Istanbul,20.7,63,1.9,0.0,Sunny
2024-06-13,Istanbul,10.4,44,22.2,0.0,Windy
2024-06-14,Istanbul,23.8,81,13.1,3.3,Sunny
2024-06-15,Istanbul,22.4,84,10.2,0.7,Cloudy
2024-06-16,Istanbul,21.2,82,15.0,0.0,Cloudy
2024-06-17,Istanbul,22.6,73,9.8,0.0,Cloudy
2024-06-18,Istanbul,14.9,52,23.5,0.0,Cloudy
2024-06-19,Istanbul,24.3,72,20.3,0.0,Sunny
2024-06-20,Istanbul,26.2,85,19.2,0.0,Foggy
2024-06-21,Istanbul,18.7,41,1.1,0.9,Cloudy
2024-06-22,Istanbul,20.8,55,5.0,0.0,Sunny
2024-06-23,Istanbul,14.2,63,7.3,0.0,Cloudy
2024-06-24,Istanbul,14.2,40,9.7,0.0,Windy
2024-06-25,Istanbul,19.1,87,21.6,0.9,Rainy
2024-06-26,Istanbul,17.4,48,2.3,3.6,Windy
2024-06-27,Istanbul,,86,4.4,0.0,Cloudy
2024-06-28,Istanbul,9.2,75,19.4,1.0,Sunny
2024-06-29,Istanbul,19.7,61,0.9,1.0,Sunny
2024-06-30,Istanbul,12.6,86,9.5,5.9,Rainy
2024-07-01,Istanbul,17.6,63,23.7,0.0,Windy
2024-07-02,Istanbul,10.0,40,3.8,1.2,Sunny
2024-07-03,Istanbul,8.3,76,4.1,0.0,Windy
2024-07-04,Istanbul,17.1,57,3.4,1.6,Cloudy
2024-07-05,Istanbul,17.3,61,21.1,0.0,Sunny
2024-07-06,Istanbul,20.4,61,3.1,2.2,Rainy
2024-07-07,Istanbul,19.5,85,9.1,0.0,Cloudy
2024-07-08,Istanbul,19.2,42,8.2,0.1,Cloudy
2024-07-09,Istanbul,22.5,45,5.2,1.4,Cloudy
2024-07-10,Istanbul,10.2,75,0.8,0.0,Rainy
2024-07-11,Istanbul,13.3,42,7.2,0.0,Foggy
2024-07-12,Istanbul,20.7,45,22.2,0.0,Sunny
2024-07-13,Istanbul,8.9,43,23.4,0.0,Sunny
2024-07-14,Istanbul,15.1,54,2.1,0.0,Sunny
2024-07-15,Istanbul,18.3,44,20.7,0.0,Sunny
2024-07-16,Istanbul,11.2,48,17.9,0.0,Sunny
2024-07-17,Istanbul,19.6,50,15.0,0.0,Rainy
2024-07-18,Istanbul,8.3,65,8.3,0.0,Sunny
2024-07-19,Istanbul,7.8,49,11.6,0.1,Windy
2024-07-20,Istanbul,9.8,43,10.0,0.0,Foggy
2024-07-21,Istanbul,17.4,44,5.6,0.0,Cloudy
2024-07-22,Istanbul,8.8,48,17.4,2.3,Cloudy
2024-07-23,Istanbul,,43,14.1,0.0,Cloudy
2024-07-24,Istanbul,13.1,44,5.1,0.0,Cloudy
2024-07-25,Istanbul,10.4,70,2.3,0.0,Rainy
2024-07-26,Istanbul,18.4,59,7.2,3.1,Sunny
2024-07-27,Istanbul,12.7,64,13.1,0.0,Sunny
2024-07-28,Istanbul,9.6,42,20.3,0.0,Windy
2024-07-29,Istanbul,7.8,43,24.6,0.0,Foggy
2024-07-30,Istanbul,4.7,79,1.3,12.9,Windy
2024-07-31,Istanbul,11.7,74,0.1,0.0,Rainy
2024-08-01,Istanbul,7.7,80,23.9,0.0,Sunny
2024-08-02,Istanbul,2.5,74,11.9,0.0,Rainy
2024-08-03,Istanbul,7.1,88,24.5,0.2,Cloudy
2024-08-04,Istanbul,10.4,87,5.5,0.0,Cloudy
2024-08-05,Istanbul,14.1,65,5.2,0.0,Rainy
2024-08-06,Istanbul,6.0,78,15.5,0.0,Sunny
2024-08-07,Istanbul,3.8,42,19.3,0.0,Cloudy
2024-08-08,Istanbul,14.5,76,4.2,0.0,Sunny
2024-08-09,Istanbul,4.7,41,16.6,0.0,Sunny
2024-08-10,Istanbul,5.6,76,10.0,0.0,Foggy
2024-08-11,Istanbul,5.4,70,12.4,0.0,Sunny
2024-08-12,Istanbul,3.1,70,21.9,0.9,Windy
2024-08-13,Istanbul,14.8,79,18.6,0.0,Cloudy
2024-08-14,Istanbul,11.0,82,9.6,0.2,Windy
2024-08-15,Istanbul,12.2,55,17.8,0.0,Sunny
2024-08-16,Istanbul,15.7,88,6.2,0.0,Sunny
2024-08-17,Istanbul,5.3,70,11.1,0.0,Rainy
2024-08-18,Istanbul,4.2,42,9.8,0.0,Sunny
2024-08-19,Istanbul,10.2,68,2.4,0.0,Cloudy
2024-08-20,Istanbul,-1.5,50,9.3,0.0,Cloudy
2024-08-21,Istanbul,15.9,81,8.9,2.3,Windy
2024-08-22,Istanbul,16.9,77,9.6,0.0,Cloudy
2024-08-23,Istanbul,13.8,82,23.5,0.0,Sunny
2024-08-24,Istanbul,-2.0,45,17.8,1.9,Sunny
2024-08-25,Istanbul,12.4,51,8.0,0.0,Cloudy
2024-08-26,Istanbul,14.4,70,11.5,3.0,Sunny
2024-08-27,Istanbul,-5.2,40,12.2,0.0,Sunny
2024-08-28,Istanbul,5.3,57,12.5,0.0,Sunny
2024-08-29,Istanbul,9.7,66,2.2,1.4,Sunny
2024-08-30,Istanbul,4.5,53,19.4,0.0,Cloudy
2024-08-31,Istanbul,3.6,65,23.2,0.0,Sunny
2024-09-01,Istanbul,4.8,69,24.1,0.0,Cloudy
2024-09-02,Istanbul,13.7,84,8.2,1.3,Cloudy
2024-09-03,Istanbul,8.5,59,17.4,0.0,Sunny
2024-09-04,Istanbul,0.6,74,12.3,0.0,Cloudy
2024-09-05,Istanbul,1.1,64,8.2,0.0,Rainy
2024-09-06,Istanbul,4.5,88,7.0,0.0,Windy
2024-09-07,Istanbul,6.4,46,1.3,0.0,Foggy
2024-09-08,Istanbul,7.2,57,24.8,0.0,Sunny
2024-09-09,Istanbul,3.6,68,12.3,0.1,Sunny
2024-09-10,Istanbul,2.6,79,2.9,0.0,Windy
2024-09-11,Istanbul,10.5,67,24.3,0.0,Rainy
2024-09-12,Istanbul,6.7,50,8.1,0.0,Sunny
2024-09-13,Istanbul,-2.8,88,14.0,0.0,Windy
2024-09-14,Istanbul,7.7,78,10.8,1.4,Sunny
2024-09-15,Istanbul,3.0,63,18.5,1.6,Rainy
2024-09-16,Istanbul,10.3,61,22.2,3.2,Sunny
2024-09-17,Istanbul,5.0,58,15.3,1.9,Cloudy
2024-09-18,Istanbul,0.8,59,24.1,0.0,Rainy
2024-09-19,Istanbul,5.5,72,16.9,0.0,Cloudy
2024-09-20,Istanbul,2.1,87,13.8,0.0,Sunny
2024-09-21,Istanbul,10.1,74,1.0,0.4,Windy
2024-09-22,Istanbul,8.6,84,11.1,1.4,Sunny
2024-09-23,Istanbul,0.1,53,13.1,2.3,Sunny
2024-09-24,Istanbul,-0.4,76,0.2,0.0,Sunny
2024-09-25,Istanbul,0.5,79,23.2,0.0,Cloudy
2024-09-26,Istanbul,4.0,41,2.7,0.0,Rainy
2024-09-27,Istanbul,6.4,73,22.5,0.0,Sunny
2024-09-28,Istanbul,2.4,86,5.7,0.1,Cloudy
2024-09-29,Istanbul,-2.2,69,2.0,0.0,Sunny
2024-09-30,Istanbul,0.1,47,23.2,0.0,Sunny
2024-10-01,Istanbul,7.6,66,12.8,0.0,Sunny
2024-10-02,Istanbul,-1.8,81,15.7,0.0,Cloudy
2024-10-03,Istanbul,10.9,51,12.9,0.0,Sunny
2024-10-04,Istanbul,,77,6.9,1.5,Cloudy
2024-10-05,Istanbul,3.6,75,21.9,0.0,Windy
2024-10-06,Istanbul,1.8,76,12.1,1.2,Rainy
2024-10-07,Istanbul,2.5,62,11.1,0.0,Cloudy
2024-10-08,Istanbul,-0.7,62,16.8,2.2,Cloudy
2024-10-09,Istanbul,3.1,67,0.8,3.4,Cloudy
2024-10-10,Istanbul,2.0,41,9.5,1.7,Rainy
2024-10-11,Istanbul,3.1,70,6.5,8.0,Windy
2024-10-12,Istanbul,9.5,55,15.5,0.0,Sunny
2024-10-13,Istanbul,1.6,72,4.0,0.1,Cloudy
2024-10-14,Istanbul,4.9,66,16.3,0.0,Sunny
2024-10-15,Istanbul,-2.0,73,9.4,0.0,Rainy
2024-10-16,Istanbul,1.1,58,8.5,0.0,Sunny
2024-10-17,Istanbul,8.8,47,8.6,0.0,Foggy
2024-10-18,Istanbul,8.4,86,11.8,0.0,Sunny
2024-10-19,Istanbul,-0.0,66,21.0,0.0,Windy
2024-10-20,Istanbul,-3.2,49,14.8,0.0,Cloudy
2024-10-21,Istanbul,8.2,72,6.1,0.0,Cloudy
2024-10-22,Istanbul,9.7,74,8.3,4.4,Cloudy
2024-10-23,Istanbul,8.0,43,12.4,0.0,Rainy
2024-10-24,Istanbul,14.8,85,16.2,0.0,Cloudy
2024-10-25,Istanbul,18.6,43,18.1,0.0,Sunny
2024-10-26,Istanbul,-1.0,83,13.8,0.0,Cloudy
2024-10-27,Istanbul,9.2,46,17.5,0.0,Cloudy
2024-10-28,Istanbul,4.3,41,19.2,1.5,Rainy
2024-10-29,Istanbul,8.8,45,2.8,0.0,Sunny
2024-10-30,Istanbul,14.2,82,14.5,1.2,Rainy
2024-10-31,Istanbul,1.3,46,1.4,0.0,Sunny
2024-11-01,Istanbul,3.0,88,22.1,0.0,Sunny
2024-11-02,Istanbul,-4.6,64,14.8,0.0,Rainy
2024-11-03,Istanbul,5.4,85,21.9,1.8,Sunny
2024-11-04,Istanbul,6.1,59,13.3,4.9,Rainy
2024-11-05,Istanbul,10.9,53,14.5,2.7,Foggy
2024-11-06,Istanbul,7.0,66,14.0,0.0,Sunny
2024-11-07,Istanbul,9.9,88,12.3,0.0,Cloudy
2024-11-08,Istanbul,1.4,48,24.4,0.7,Sunny
2024-11-09,Istanbul,10.4,56,19.7,0.0,Sunny
2024-11-10,Istanbul,7.4,88,24.7,0.0,Rainy
2024-11-11,Istanbul,3.0,80,21.3,3.4,Cloudy
2024-11-12,Istanbul,9.7,46,12.1,0.0,Sunny
2024-11-13,Istanbul,2.5,83,21.9,0.0,Cloudy
2024-11-14,Istanbul,0.5,85,5.1,0.0,Windy
2024-11-15,Istanbul,,84,21.0,0.0,Sunny
2024-11-16,Istanbul,12.3,46,8.6,0.0,Windy
2024-11-17,Istanbul,0.7,70,1.6,1.5,Sunny
2024-11-18,Istanbul,6.2,60,15.4,0.7,Cloudy
2024-11-19,Istanbul,6.1,77,10.1,0.0,Rainy
2024-11-20,Istanbul,15.0,46,12.9,0.0,Cloudy
2024-11-21,Istanbul,10.3,59,7.5,0.0,Rainy
2024-11-22,Istanbul,3.5,81,7.2,1.5,Sunny
2024-11-23,Istanbul,4.7,87,22.0,0.0,Cloudy
2024-11-24,Istanbul,17.9,82,12.7,0.0,Sunny
2024-11-25,Istanbul,16.9,75,1.7,1.9,Cloudy
2024-11-26,Istanbul,13.5,79,7.0,0.0,Sunny
2024-11-27,Istanbul,0.9,62,19.1,0.0,Cloudy
2024-11-28,Istanbul,16.9,65,16.6,0.3,Cloudy
2024-11-29,Istanbul,18.2,81,4.9,0.8,Cloudy
2024-11-30,Istanbul,,56,21.5,0.0,Sunny
2024-12-01,Istanbul,12.1,52,5.7,0.0,Sunny
2024-12-02,Istanbul,21.6,67,3.5,1.3,Cloudy
2024-12-03,Istanbul,6.5,88,5.3,0.0,Cloudy
2024-12-04,Istanbul,4.9,77,20.2,0.0,Cloudy
2024-12-05,Istanbul,9.3,66,18.8,0.0,Cloudy
2024-12-06,Istanbul,8.7,80,15.5,0.0,Rainy
2024-12-07,Istanbul,9.6,61,7.2,0.0,Sunny
2024-12-08,Istanbul,7.5,48,24.5,1.6,Windy
2024-12-09,Istanbul,11.4,89,20.6,1.1,Rainy
2024-12-10,Istanbul,8.8,86,5.5,0.0,Cloudy
2024-12-11,Istanbul,18.1,72,17.5,3.7,Sunny
2024-12-12,Istanbul,13.3,48,10.1,0.0,Sunny
2024-12-13,Istanbul,13.2,60,17.2,0.0,Rainy
2024-12-14,Istanbul,13.6,47,7.5,0.0,Rainy
2024-12-15,Istanbul,14.0,62,4.3,0.0,Cloudy
2024-12-16,Istanbul,,55,3.0,0.0,Sunny
2024-12-17,Istanbul,11.3,71,10.4,0.0,Cloudy
2024-12-18,Istanbul,17.4,49,5.6,0.0,Sunny
2024-12-19,Istanbul,4.8,87,5.5,0.0,Windy
2024-12-20,Istanbul,14.1,83,12.6,0.0,Rainy
2024-12-21,Istanbul,13.5,43,9.6,0.0,Cloudy
2024-12-22,Istanbul,11.9,68,19.8,0.4,Sunny
2024-12-23,Istanbul,11.9,80,24.1,2.7,Sunny
2024-12-24,Istanbul,17.6,45,10.6,0.0,Windy
2024-12-25,Istanbul,13.4,66,16.4,0.6,Sunny
2024-12-26,Istanbul,12.6,40,8.0,0.0,Sunny
2024-12-27,Istanbul,13.6,78,4.2,0.0,Cloudy
2024-12-28,Istanbul,19.2,49,15.8,0.0,Cloudy
2024-12-29,Istanbul,9.7,63,6.6,0.0,Cloudy
2024-12-30,Istanbul,10.4,61,9.2,0.0,Windy
2023-01-01,Ankara,7.5,48,13.4,0.0,Windy
2023-01-02,Ankara,5.0,40,12.5,0.0,Sunny
2023-01-03,Ankara,12.3,66,17.9,0.3,Cloudy
2023-01-04,Ankara,19.7,73,7.1,0.0,Sunny
2023-01-05,Ankara,6.5,73,12.4,0.1,Sunny
2023-01-06,Ankara,15.6,48,22.5,0.0,Cloudy
2023-01-07,Ankara,19.8,88,22.2,0.0,Sunny
2023-01-08,Ankara,6.7,88,3.0,1.7,Rainy
2023-01-09,Ankara,4.2,65,19.6,0.0,Foggy
2023-01-10,Ankara,12.4,88,19.6,4.6,Rainy
2023-01-11,Ankara,12.6,83,21.9,0.0,Rainy
2023-01-12,Ankara,12.1,72,16.3,0.0,Cloudy
2023-01-13,Ankara,5.2,81,14.0,0.4,Sunny
2023-01-14,Ankara,27.0,69,23.5,1.5,Rainy
2023-01-15,Ankara,16.9,78,18.9,0.0,Cloudy
2023-01-16,Ankara,5.9,40,17.7,0.0,Windy
2023-01-17,Ankara,14.9,74,5.6,0.0,Sunny
2023-01-18,Ankara,10.8,60,24.7,2.7,Sunny
2023-01-19,Ankara,11.6,53,16.1,0.0,Rainy
2023-01-20,Ankara,,82,22.7,2.0,Sunny
2023-01-21,Ankara,9.6,49,12.2,0.2,Sunny
2023-01-22,Ankara,11.0,43,16.1,0.0,Rainy
2023-01-23,Ankara,12.7,85,17.3,4.4,Cloudy
2023-01-24,Ankara,9.0,70,19.5,0.0,Cloudy
2023-01-25,Ankara,11.9,74,2.4,1.4,Sunny
2023-01-26,Ankara,15.7,62,4.7,0.0,Cloudy
2023-01-27,Ankara,11.7,49,14.9,0.0,Cloudy
2023-01-28,Ankara,13.7,81,10.7,0.0,Cloudy
2023-01-29,Ankara,11.6,52,5.5,0.0,Sunny
2023-01-30,Ankara,24.6,82,12.4,0.0,Sunny
2023-01-31,Ankara,14.5,68,10.4,3.7,Sunny
2023-02-01,Ankara,19.9,46,14.8,0.0,Sunny
2023-02-02,Ankara,7.2,79,21.9,0.2,Foggy
2023-02-03,Ankara,16.5,54,23.2,0.0,Rainy
2023-02-04,Ankara,25.5,81,23.4,3.6,Cloudy
2023-02-05,Ankara,17.8,52,24.3,0.1,Sunny
2023-02-06,Ankara,15.7,82,5.4,0.0,Sunny
2023-02-07,Ankara,7.1,49,7.8,0.0,Foggy
2023-02-08,Ankara,17.1,67,24.2,0.0,Rainy
2023-02-09,Ankara,19.2,54,15.0,0.0,Sunny
2023-02-10,Ankara,15.5,68,8.9,0.9,Cloudy
2023-02-11,Ankara,10.8,64,23.6,1.5,Sunny
2023-02-12,Ankara,14.4,70,9.8,0.0,Rainy
2023-02-13,Ankara,15.7,67,15.7,1.8,Cloudy
2023-02-14,Ankara,18.6,78,12.0,0.0,Cloudy
2023-02-15,Ankara,13.7,69,4.7,0.0,Foggy
2023-02-16,Ankara,23.8,60,18.2,0.0,Sunny
2023-02-17,Ankara,13.4,88,7.6,0.0,Sunny
2023-02-18,Ankara,17.2,43,22.8,3.3,Cloudy
2023-02-19,Ankara,9.9,54,4.8,0.0,Cloudy
2023-02-20,Ankara,24.0,47,21.3,1.3,Cloudy
2023-02-21,Ankara,23.1,49,6.3,3.9,Sunny
2023-02-22,Ankara,13.7,83,17.2,0.0,Cloudy
2023-02-23,Ankara,14.4,49,9.2,3.1,Rainy
2023-02-24,Ankara,8.7,77,3.6,4.6,Sunny
2023-02-25,Ankara,17.1,52,23.0,0.0,Sunny
2023-02-26,Ankara,13.3,52,17.3,0.0,Windy
2023-02-27,Ankara,25.8,78,0.6,0.0,Sunny
2023-02-28,Ankara,10.4,77,1.2,0.0,Windy
2023-03-01,Ankara,27.4,75,2.8,0.0,Rainy
2023-03-02,Ankara,23.6,75,20.4,5.8,Cloudy
2023-03-03,Ankara,11.4,67,3.7,0.0,Cloudy
2023-03-04,Ankara,22.4,70,21.9,0.0,Sunny
2023-03-05,Ankara,18.2,57,6.5,0.0,Sunny
2023-03-06,Ankara,18.8,58,23.2,0.0,Cloudy
2023-03-07,Ankara,19.7,48,16.0,3.0,Cloudy
2023-03-08,Ankara,15.4,84,13.2,0.0,Windy
2023-03-09,Ankara,6.9,46,18.9,0.7,Sunny
2023-03-10,Ankara,9.9,52,15.8,0.0,Rainy
2023-03-11,Ankara,27.0,49,17.7,0.0,Sunny
2023-03-12,Ankara,14.6,63,5.6,1.8,Foggy
2023-03-13,Ankara,23.1,53,17.0,0.0,Sunny
2023-03-14,Ankara,19.0,42,13.1,0.0,Cloudy
2023-03-15,Ankara,23.6,78,15.4,0.0,Sunny
2023-03-16,Ankara,30.8,73,10.3,2.1,Rainy
2023-03-17,Ankara,21.1,41,3.3,0.4,Sunny
2023-03-18,Ankara,18.9,42,15.1,0.0,Sunny
2023-03-19,Ankara,19.3,59,16.7,0.8,Sunny
2023-03-20,Ankara,26.6,42,14.6,3.5,Foggy
2023-03-21,Ankara,20.9,46,12.4,0.1,Sunny
2023-03-22,Ankara,25.8,64,15.2,0.5,Cloudy
2023-03-23,Ankara,25.0,44,21.0,0.0,Cloudy
2023-03-24,Ankara,15.4,75,16.6,0.0,Sunny
2023-03-25,Ankara,20.3,85,18.4,0.7,Cloudy
2023-03-26,Ankara,20.4,77,24.1,0.0,Sunny
2023-03-27,Ankara,6.7,81,21.4,0.0,Cloudy
2023-03-28,Ankara,17.4,40,19.3,0.0,Windy
2023-03-29,Ankara,17.6,78,14.1,4.0,Cloudy
2023-03-30,Ankara,13.0,48,15.8,0.0,Sunny
2023-03-31,Ankara,24.3,73,14.1,0.0,Sunny
2023-04-01,Ankara,19.4,68,0.3,0.0,Sunny
2023-04-02,Ankara,20.4,66,1.9,0.0,Sunny
2023-04-03,Ankara,16.1,48,0.7,0.0,Sunny
2023-04-04,Ankara,18.4,67,16.5,0.0,Sunny
2023-04-05,Ankara,18.7,57,5.4,0.0,Sunny
2023-04-06,Ankara,18.7,68,3.3,0.0,Windy
2023-04-07,Ankara,17.2,59,6.4,2.2,Windy
2023-04-08,Ankara,23.4,88,23.7,0.0,Rainy
2023-04-09,Ankara,20.5,85,5.9,0.8,Sunny
2023-04-10,Ankara,27.8,76,16.7,0.0,Sunny
2023-04-11,Ankara,21.9,71,17.5,0.0,Cloudy
2023-04-12,Ankara,17.4,64,5.5,1.2,Sunny
2023-04-13,Ankara,22.2,70,2.0,0.0,Sunny
2023-04-14,Ankara,23.1,67,2.8,4.6,Cloudy
2023-04-15,Ankara,18.1,61,13.6,2.4,Cloudy
2023-04-16,Ankara,29.4,41,4.9,0.0,Sunny
2023-04-17,Ankara,23.5,49,19.7,0.0,Sunny
2023-04-18,Ankara,11.4,87,12.4,2.5,Cloudy
2023-04-19,Ankara,25.5,86,10.1,0.0,Sunny
2023-04-20,Ankara,10.1,60,18.1,0.0,Sunny
2023-04-21,Ankara,11.6,87,20.8,0.0,Cloudy
2023-04-22,Ankara,18.8,65,7.6,0.0,Sunny
2023-04-23,Ankara,14.1,67,14.3,0.0,Windy
2023-04-24,Ankara,23.5,75,9.2,4.8,Sunny
2023-04-25,Ankara,27.1,51,10.7,0.0,Rainy
2023-04-26,Ankara,15.7,48,7.2,0.0,Windy
2023-04-27,Ankara,23.5,69,9.8,2.5,Rainy
2023-04-28,Ankara,19.7,77,6.9,1.2,Windy
2023-04-29,Ankara,21.1,52,12.7,0.0,Cloudy
2023-04-30,Ankara,10.0,62,18.9,0.0,Sunny
2023-05-01,Ankara,29.1,83,17.3,0.0,Cloudy
2023-05-02,Ankara,12.1,87,15.8,0.0,Cloudy
2023-05-03,Ankara,19.9,61,17.3,0.0,Windy
2023-05-04,Ankara,18.8,71,1.3,0.0,Cloudy
2023-05-05,Ankara,18.1,54,7.0,0.0,Windy
2023-05-06,Ankara,17.6,80,7.6,0.7,Sunny
2023-05-07,Ankara,23.9,73,16.3,0.0,Sunny
2023-05-08,Ankara,21.7,61,11.7,0.0,Sunny
2023-05-09,Ankara,17.8,47,23.9,3.5,Cloudy
2023-05-10,Ankara,18.5,83,4.3,0.0,Cloudy
2023-05-11,Ankara,17.6,45,14.3,0.0,Cloudy
2023-05-12,Ankara,19.8,63,2.6,0.0,Sunny
2023-05-13,Ankara,18.2,52,24.2,1.2,Rainy
2023-05-14,Ankara,10.0,62,13.8,0.0,Sunny
2023-05-15,Ankara,15.3,46,22.2,0.0,Windy
2023-05-16,Ankara,20.2,82,12.9,0.0,Sunny
2023-05-17,Ankara,9.4,53,0.2,0.0,Cloudy
2023-05-18,Ankara,21.7,78,10.6,0.0,Windy
2023-05-19,Ankara,23.2,66,17.2,0.0,Sunny
2023-05-20,Ankara,15.7,62,24.8,0.0,Rainy
2023-05-21,Ankara,19.1,59,16.3,0.1,Sunny
2023-05-22,Ankara,,71,14.2,0.0,Sunny
2023-05-23,Ankara,21.4,42,13.5,0.0,Windy
2023-05-24,Ankara,20.8,45,23.9,2.0,Sunny
2023-05-25,Ankara,18.9,81,17.9,0.0,Sunny
2023-05-26,Ankara,15.9,44,24.1,3.2,Sunny
2023-05-27,Ankara,12.4,71,11.3,1.2,Sunny
2023-05-28,Ankara,18.1,62,10.4,0.0,Cloudy
2023-05-29,Ankara,7.6,42,1.2,5.7,Cloudy
2023-05-30,Ankara,15.4,41,19.9,1.3,Sunny
2023-05-31,Ankara,19.2,43,6.0,0.8,Rainy
2023-06-01,Ankara,9.8,58,17.3,0.4,Cloudy
2023-06-02,Ankara,21.3,69,10.9,0.0,Rainy
2023-06-03,Ankara,18.3,72,10.4,0.0,Sunny
2023-06-04,Ankara,18.9,61,0.9,0.0,Rainy
2023-06-05,Ankara,14.6,74,5.5,0.3,Sunny
2023-06-06,Ankara,24.0,85,4.8,0.6,Sunny
2023-06-07,Ankara,17.2,80,17.0,0.0,Foggy
2023-06-08,Ankara,14.4,65,18.8,0.0,Sunny
2023-06-09,Ankara,14.0,40,8.7,1.3,Sunny
2023-06-10,Ankara,13.3,74,23.4,0.0,Foggy
2023-06-11,Ankara,10.9,81,13.3,1.3,Sunny
2023-06-12,Ankara,13.5,76,8.1,0.1,Sunny
2023-06-13,Ankara,11.7,59,8.5,0.4,Cloudy
2023-06-14,Ankara,15.2,41,8.7,0.0,Foggy
2023-06-15,Ankara,9.8,45,24.1,0.0,Cloudy
2023-06-16,Ankara,6.7,75,9.2,0.0,Sunny
2023-06-17,Ankara,14.4,47,6.9,0.0,Windy
2023-06-18,Ankara,9.9,59,6.0,0.0,Windy
2023-06-19,Ankara,3.4,74,5.1,2.1,Rainy
2023-06-20,Ankara,13.7,46,13.7,0.0,Cloudy
2023-06-21,Ankara,21.1,54,13.3,0.4,Sunny
2023-06-22,Ankara,10.4,58,5.6,0.0,Rainy
2023-06-23,Ankara,15.2,52,2.4,0.0,Sunny
2023-06-24,Ankara,13.9,48,19.2,0.0,Cloudy
2023-06-25,Ankara,10.3,44,5.1,0.0,Sunny
2023-06-26,Ankara,14.2,65,0.6,0.0,Sunny
2023-06-27,Ankara,-0.0,69,21.3,0.0,Cloudy
2023-06-28,Ankara,18.9,73,19.9,0.0,Rainy
2023-06-29,Ankara,12.9,57,20.8,0.0,Sunny
2023-06-30,Ankara,2.7,54,22.0,0.0,Cloudy
2023-07-01,Ankara,6.3,71,6.0,0.0,Cloudy
2023-07-02,Ankara,6.2,76,5.9,0.0,Sunny
2023-07-03,Ankara,3.2,49,11.1,0.0,Cloudy
2023-07-04,Ankara,4.2,44,18.6,0.0,Sunny
2023-07-05,Ankara,9.9,54,18.3,0.0,Rainy
2023-07-06,Ankara,8.7,50,16.3,0.0,Sunny
2023-07-07,Ankara,14.6,64,8.7,0.0,Cloudy
2023-07-08,Ankara,4.2,82,3.2,0.0,Sunny
2023-07-09,Ankara,4.6,73,12.8,0.0,Cloudy
2023-07-10,Ankara,12.5,52,12.0,0.0,Cloudy
2023-07-11,Ankara,5.8,45,24.4,0.0,Rainy
2023-07-12,Ankara,9.0,56,0.9,0.0,Cloudy
2023-07-13,Ankara,-2.1,84,2.3,2.8,Sunny
2023-07-14,Ankara,6.9,88,13.7,0.0,Cloudy
2023-07-15,Ankara,11.0,53,8.2,0.0,Cloudy
2023-07-16,Ankara,-1.8,72,22.4,1.0,Cloudy
2023-07-17,Ankara,19.1,60,24.3,0.0,Rainy
2023-07-18,Ankara,11.6,66,5.3,4.4,Sunny
2023-07-19,Ankara,12.1,65,22.1,0.0,Sunny
2023-07-20,Ankara,,86,1.8,1.4,Sunny
2023-07-21,Ankara,6.6,54,18.9,0.0,Windy
2023-07-22,Ankara,5.8,85,13.3,0.0,Windy
2023-07-23,Ankara,5.6,57,17.3,0.0,Sunny
2023-07-24,Ankara,11.3,81,17.8,0.0,Cloudy
2023-07-25,Ankara,1.0,75,19.7,0.0,Foggy
2023-07-26,Ankara,1.2,69,20.9,0.0,Sunny
2023-07-27,Ankara,-7.4,45,11.5,0.2,Sunny
2023-07-28,Ankara,6.7,87,9.9,0.0,Sunny
2023-07-29,Ankara,5.2,72,17.5,0.0,Cloudy
2023-07-30,Ankara,9.1,62,6.2,0.0,Sunny
2023-07-31,Ankara,5.3,76,1.9,0.0,Sunny
2023-08-01,Ankara,8.5,41,2.6,0.0,Sunny
2023-08-02,Ankara,8.9,74,10.7,0.0,Cloudy
2023-08-03,Ankara,5.8,76,4.4,0.3,Rainy
2023-08-04,Ankara,9.3,46,21.6,0.0,Windy
2023-08-05,Ankara,6.2,86,10.9,0.0,Windy
2023-08-06,Ankara,8.2,51,0.7,0.0,Windy
2023-08-07,Ankara,-6.4,59,20.9,0.0,Sunny
2023-08-08,Ankara,18.2,57,7.3,3.3,Sunny
2023-08-09,Ankara,6.4,89,17.8,0.0,Sunny
2023-08-10,Ankara,2.7,88,16.7,0.0,Sunny
2023-08-11,Ankara,-1.1,44,16.5,0.0,Sunny
2023-08-12,Ankara,9.1,54,17.2,2.9,Cloudy
2023-08-13,Ankara,11.6,70,5.1,0.0,Sunny
2023-08-14,Ankara,11.0,51,17.2,0.0,Cloudy
2023-08-15,Ankara,,71,23.3,0.0,Cloudy
2023-08-16,Ankara,-3.2,67,1.2,0.0,Sunny
2023-08-17,Ankara,0.4,74,23.3,1.5,Sunny
2023-08-18,Ankara,1.5,58,9.5,10.2,Cloudy
2023-08-19,Ankara,-4.1,79,9.5,5.5,Cloudy
2023-08-20,Ankara,0.8,87,18.7,0.0,Rainy
2023-08-21,Ankara,2.2,56,2.6,3.4,Windy
2023-08-22,Ankara,3.0,51,4.1,0.0,Cloudy
2023-08-23,Ankara,-2.0,83,18.5,0.7,Cloudy
2023-08-24,Ankara,2.4,53,20.7,0.0,Cloudy
2023-08-25,Ankara,7.5,70,7.4,1.0,Sunny
2023-08-26,Ankara,-0.9,45,23.4,0.0,Sunny
2023-08-27,Ankara,-8.4,59,4.4,0.0,Cloudy
2023-08-28,Ankara,-1.7,76,7.8,0.0,Sunny
2023-08-29,Ankara,8.1,49,14.7,0.0,Cloudy
2023-08-30,Ankara,1.8,85,16.4,5.0,Cloudy
2023-08-31,Ankara,-6.8,46,7.2,0.0,Windy
2023-09-01,Ankara,0.0,76,2.5,0.0,Sunny
2023-09-02,Ankara,-1.5,65,16.7,0.0,Sunny
2023-09-03,Ankara,9.4,64,20.3,0.0,Cloudy
2023-09-04,Ankara,0.6,74,3.3,2.1,Cloudy
2023-09-05,Ankara,0.6,69,10.5,0.0,Sunny
2023-09-06,Ankara,4.1,67,22.9,0.1,Rainy
2023-09-07,Ankara,0.5,40,24.8,0.0,Sunny
2023-09-08,Ankara,3.6,66,20.1,2.1,Sunny
2023-09-09,Ankara,8.2,89,18.4,0.0,Sunny
2023-09-10,Ankara,4.0,61,7.3,0.0,Cloudy
2023-09-11,Ankara,-0.6,67,21.4,0.0,Windy
2023-09-12,Ankara,0.7,47,19.2,0.0,Rainy
2023-09-13,Ankara,4.4,63,6.5,0.0,Sunny
2023-09-14,Ankara,-4.5,52,6.1,1.8,Sunny
2023-09-15,Ankara,-1.4,70,11.9,0.0,Sunny
2023-09-16,Ankara,-4.9,51,14.1,0.3,Cloudy
2023-09-17,Ankara,-2.9,75,22.7,0.0,Sunny
2023-09-18,Ankara,3.0,54,24.4,0.0,Cloudy
2023-09-19,Ankara,-5.9,88,13.9,0.0,Cloudy
2023-09-20,Ankara,6.3,79,11.7,0.0,Windy
2023-09-21,Ankara,4.3,51,4.2,0.0,Rainy
2023-09-22,Ankara,1.9,71,16.9,0.0,Windy
2023-09-23,Ankara,8.5,76,18.2,0.0,Cloudy
2023-09-24,Ankara,3.7,72,8.6,0.1,Cloudy
2023-09-25,Ankara,8.1,67,10.4,0.5,Rainy
2023-09-26,Ankara,2.9,86,22.1,0.1,Foggy
2023-09-27,Ankara,0.3,85,0.4,5.6,Cloudy
2023-09-28,Ankara,-1.9,84,4.8,0.6,Cloudy
2023-09-29,Ankara,1.2,66,1.9,0.0,Sunny
2023-09-30,Ankara,8.4,59,5.3,0.0,Sunny
2023-10-01,Ankara,0.5,43,13.5,0.4,Rainy
2023-10-02,Ankara,-2.1,61,1.7,3.2,Cloudy
2023-10-03,Ankara,1.8,57,21.5,1.4,Sunny
2023-10-04,Ankara,1.6,44,1.9,0.0,Sunny
2023-10-05,Ankara,3.0,46,24.4,0.5,Cloudy
2023-10-06,Ankara,5.5,52,4.6,0.0,Sunny
2023-10-07,Ankara,0.5,76,1.7,0.3,Cloudy
2023-10-08,Ankara,-6.2,48,16.7,0.1,Cloudy
2023-10-09,Ankara,-1.3,58,2.2,2.4,Windy
2023-10-10,Ankara,2.8,76,6.2,0.0,Sunny
2023-10-11,Ankara,1.2,49,8.2,0.0,Cloudy
2023-10-12,Ankara,1.7,81,20.6,0.0,Sunny
2023-10-13,Ankara,16.2,51,8.0,0.0,Rainy
2023-10-14,Ankara,-9.4,41,21.2,0.0,Windy
2023-10-15,Ankara,7.1,46,13.3,0.0,Cloudy
2023-10-16,Ankara,,42,1.9,2.6,Foggy
2023-10-17,Ankara,9.5,61,5.3,0.0,Sunny
2023-10-18,Ankara,6.5,43,25.0,1.0,Sunny
2023-10-19,Ankara,5.5,71,10.3,0.0,Cloudy
2023-10-20,Ankara,7.8,68,10.6,11.6,Cloudy
2023-10-21,Ankara,0.8,42,6.2,0.0,Rainy
2023-10-22,Ankara,-4.8,61,1.1,0.0,Cloudy
2023-10-23,Ankara,-4.6,87,15.4,0.0,Sunny
2023-10-24,Ankara,4.4,77,14.2,0.0,Cloudy
2023-10-25,Ankara,0.5,67,23.4,0.0,Foggy
2023-10-26,Ankara,-0.7,80,13.8,2.2,Rainy
2023-10-27,Ankara,0.5,68,24.4,4.7,Rainy
2023-10-28,Ankara,9.0,84,17.9,0.1,Sunny
2023-10-29,Ankara,2.2,73,4.2,0.0,Cloudy
2023-10-30,Ankara,-2.4,85,15.4,0.0,Cloudy
2023-10-31,Ankara,10.2,49,3.8,0.0,Sunny
2023-11-01,Ankara,8.0,56,1.4,0.0,Windy
2023-11-02,Ankara,3.9,68,22.7,0.0,Sunny
2023-11-03,Ankara,2.0,88,7.0,0.0,Cloudy
2023-11-04,Ankara,-2.3,52,2.2,2.3,Cloudy
2023-11-05,Ankara,-2.4,42,6.9,0.0,Sunny
2023-11-06,Ankara,-4.3,79,20.3,0.0,Cloudy
2023-11-07,Ankara,4.1,78,4.7,0.0,Rainy
2023-11-08,Ankara,2.0,78,4.7,0.0,Sunny
2023-11-09,Ankara,3.5,54,23.1,0.0,Cloudy
2023-11-10,Ankara,-0.7,80,15.6,0.0,Cloudy
2023-11-11,Ankara,5.8,67,13.9,0.0,Rainy
2023-11-12,Ankara,1.3,69,18.9,0.0,Sunny
2023-11-13,Ankara,1.7,65,7.8,0.0,Sunny
2023-11-14,Ankara,-0.0,83,7.5,2.4,Sunny
2023-11-15,Ankara,0.4,51,5.8,0.0,Sunny
2023-11-16,Ankara,1.0,48,0.8,0.0,Cloudy
2023-11-17,Ankara,-2.6,62,20.4,0.0,Sunny
2023-11-18,Ankara,-1.2,50,13.0,0.0,Sunny
2023-11-19,Ankara,9.5,57,5.3,0.0,Sunny
2023-11-20,Ankara,0.8,71,1.1,0.0,Sunny
2023-11-21,Ankara,5.7,45,9.6,0.0,Cloudy
2023-11-22,Ankara,8.7,40,12.8,0.0,Sunny
2023-11-23,Ankara,16.4,78,24.4,0.0,Sunny
2023-11-24,Ankara,0.6,64,14.0,1.2,Sunny
2023-11-25,Ankara,6.3,61,8.8,0.7,Cloudy
2023-11-26,Ankara,3.5,47,23.0,0.0,Sunny
2023-11-27,Ankara,4.8,88,11.5,0.0,Sunny
2023-11-28,Ankara,1.9,64,22.4,0.0,Foggy
2023-11-29,Ankara,-1.3,62,10.5,6.8,Cloudy
2023-11-30,Ankara,3.4,51,24.6,0.0,Sunny
2023-12-01,Ankara,6.8,83,15.3,0.0,Sunny
2023-12-02,Ankara,4.7,80,19.4,0.5,Cloudy
2023-12-03,Ankara,0.4,86,18.0,0.0,Rainy
2023-12-04,Ankara,12.0,70,3.3,0.0,Rainy
2023-12-05,Ankara,9.0,83,7.7,0.0,Cloudy
2023-12-06,Ankara,4.5,77,15.5,1.8,Sunny
2023-12-07,Ankara,-2.3,83,3.1,0.0,Rainy
2023-12-08,Ankara,1.7,42,12.8,0.0,Cloudy
2023-12-09,Ankara,15.9,72,15.8,0.0,Foggy
2023-12-10,Ankara,10.8,65,8.8,0.0,Rainy
2023-12-11,Ankara,4.0,80,19.1,1.4,Sunny
2023-12-12,Ankara,19.3,44,2.2,0.0,Rainy
2023-12-13,Ankara,-2.9,45,15.0,0.0,Cloudy
2023-12-14,Ankara,6.8,59,3.5,3.0,Cloudy
2023-12-15,Ankara,13.4,78,7.2,0.0,Sunny
2023-12-16,Ankara,5.7,71,12.5,1.0,Foggy
2023-12-17,Ankara,11.6,81,7.5,3.8,Sunny
2023-12-18,Ankara,12.2,60,17.1,0.0,Sunny
2023-12-19,Ankara,5.2,65,1.4,0.0,Sunny
2023-12-20,Ankara,2.7,70,5.0,0.0,Windy
2023-12-21,Ankara,6.3,85,4.0,1.9,Cloudy
2023-12-22,Ankara,5.7,85,8.5,0.0,Sunny
2023-12-23,Ankara,10.7,53,5.4,0.0,Sunny
2023-12-24,Ankara,4.4,80,10.9,0.0,Cloudy
2023-12-25,Ankara,1.6,72,2.2,0.0,Rainy
2023-12-26,Ankara,3.2,45,9.8,3.2,Foggy
2023-12-27,Ankara,5.5,57,1.0,3.9,Sunny
2023-12-28,Ankara,12.7,89,21.1,1.1,Cloudy
2023-12-29,Ankara,12.2,86,18.9,2.1,Sunny
2023-12-30,Ankara,12.9,56,4.7,4.3,Windy
2023-12-31,Ankara,17.0,79,9.1,0.0,Rainy
2024-01-01,Ankara,7.4,77,23.8,0.0,Windy
2024-01-02,Ankara,10.1,61,2.7,0.0,Rainy
2024-01-03,Ankara,-1.3,83,3.4,0.0,Sunny
2024-01-04,Ankara,15.1,85,20.2,0.0,Cloudy
2024-01-05,Ankara,17.5,66,23.6,0.0,Rainy
2024-01-06,Ankara,15.5,57,9.7,0.7,Sunny
2024-01-07,Ankara,17.6,54,24.9,2.4,Foggy
2024-01-08,Ankara,7.6,44,20.5,0.0,Cloudy
2024-01-09,Ankara,15.2,70,8.4,0.0,Sunny
2024-01-10,Ankara,23.9,70,4.0,0.0,Foggy
2024-01-11,Ankara,13.4,47,10.3,0.0,Rainy
2024-01-12,Ankara,9.5,77,0.9,4.1,Rainy
2024-01-13,Ankara,19.3,41,5.0,2.3,Sunny
2024-01-14,Ankara,12.2,82,11.3,0.0,Rainy
2024-01-15,Ankara,,85,7.0,0.0,Sunny
2024-01-16,Ankara,5.2,40,18.1,0.7,Rainy
2024-01-17,Ankara,14.4,56,7.9,0.2,Sunny
2024-01-18,Ankara,18.5,40,5.2,0.6,Cloudy
2024-01-19,Ankara,7.2,53,20.0,0.0,Sunny
2024-01-20,Ankara,5.5,86,24.2,0.0,Sunny
2024-01-21,Ankara,15.7,72,5.8,1.5,Cloudy
2024-01-22,Ankara,8.8,68,18.3,2.2,Sunny
2024-01-23,Ankara,18.7,66,1.3,0.0,Rainy
2024-01-24,Ankara,4.2,84,1.4,0.1,Sunny
2024-01-25,Ankara,16.6,54,5.4,0.0,Sunny
2024-01-26,Ankara,17.8,65,17.7,0.0,Cloudy
2024-01-27,Ankara,16.2,60,1.1,0.2,Cloudy
2024-01-28,Ankara,8.9,55,13.9,0.0,Cloudy
2024-01-29,Ankara,10.3,89,24.4,0.6,Cloudy
2024-01-30,Ankara,8.3,76,17.7,0.0,Cloudy
2024-01-31,Ankara,14.1,80,23.2,0.0,Sunny
2024-02-01,Ankara,11.7,57,16.1,0.0,Rainy
2024-02-02,Ankara,22.8,40,23.3,0.0,Sunny
2024-02-03,Ankara,16.6,55,3.2,0.4,Rainy
2024-02-04,Ankara,10.7,75,11.1,1.9,Sunny
2024-02-05,Ankara,10.1,77,14.1,0.0,Cloudy
2024-02-06,Ankara,17.9,51,9.4,1.2,Foggy
2024-02-07,Ankara,14.3,58,12.1,0.0,Windy
2024-02-08,Ankara,19.8,50,20.9,0.0,Sunny
2024-02-09,Ankara,15.7,87,8.0,0.0,Sunny
2024-02-10,Ankara,17.4,88,6.0,0.0,Rainy
2024-02-11,Ankara,18.7,82,9.0,0.0,Cloudy
2024-02-12,Ankara,7.5,76,11.0,0.8,Cloudy
2024-02-13,Ankara,18.2,58,8.6,0.0,Sunny
2024-02-14,Ankara,23.6,82,16.3,1.1,Sunny
2024-02-15,Ankara,,66,0.8,0.0,Foggy
2024-02-16,Ankara,11.1,76,15.2,0.0,Cloudy
2024-02-17,Ankara,6.7,55,24.7,0.0,Cloudy
2024-02-18,Ankara,18.6,76,0.6,4.1,Cloudy
2024-02-19,Ankara,19.3,68,13.6,3.5,Sunny
2024-02-20,Ankara,12.0,80,23.6,0.3,Sunny
2024-02-21,Ankara,16.0,66,9.0,1.3,Cloudy
2024-02-22,Ankara,15.2,63,21.9,0.0,Windy
2024-02-23,Ankara,14.3,79,5.5,1.2,Cloudy
2024-02-24,Ankara,15.7,84,5.4,0.0,Cloudy
2024-02-25,Ankara,21.6,62,9.5,0.0,Sunny
2024-02-26,Ankara,20.5,67,16.4,0.0,Sunny
2024-02-27,Ankara,22.4,79,15.3,0.0,Cloudy
2024-02-28,Ankara,15.2,85,14.2,0.0,Sunny
2024-02-29,Ankara,23.4,51,15.2,2.9,Windy
2024-03-01,Ankara,33.3,72,8.4,0.4,Foggy
2024-03-02,Ankara,14.7,68,3.4,0.0,Sunny
2024-03-03,Ankara,17.2,77,1.6,1.0,Cloudy
2024-03-04,Ankara,19.3,65,21.6,0.0,Sunny
2024-03-05,Ankara,15.0,46,14.3,0.0,Windy
2024-03-06,Ankara,16.0,55,8.0,0.0,Cloudy
2024-03-07,Ankara,24.7,50,7.0,0.0,Sunny
2024-03-08,Ankara,17.6,42,17.5,0.8,Cloudy
2024-03-09,Ankara,34.5,86,11.7,0.0,Windy
2024-03-10,Ankara,18.2,74,4.6,0.0,Sunny
2024-03-11,Ankara,30.0,70,6.3,0.0,Cloudy
2024-03-12,Ankara,16.7,47,17.3,0.3,Cloudy
2024-03-13,Ankara,19.8,68,0.7,2.0,Sunny
2024-03-14,Ankara,12.7,47,9.7,0.0,Sunny
2024-03-15,Ankara,30.8,75,23.9,1.2,Rainy
2024-03-16,Ankara,16.0,87,15.6,0.0,Cloudy
2024-03-17,Ankara,,68,16.2,3.9,Cloudy
2024-03-18,Ankara,15.5,56,6.9,0.0,Cloudy
2024-03-19,Ankara,22.2,67,8.6,0.0,Rainy
2024-03-20,Ankara,13.5,48,9.8,0.0,Cloudy
2024-03-21,Ankara,28.4,51,13.1,0.0,Sunny
2024-03-22,Ankara,23.9,55,0.2,1.3,Foggy
2024-03-23,Ankara,16.0,81,20.3,0.0,Windy
2024-03-24,Ankara,17.3,67,10.1,0.0,Cloudy
2024-03-25,Ankara,17.4,46,18.0,1.6,Rainy
2024-03-26,Ankara,21.0,61,7.8,2.0,Rainy
2024-03-27,Ankara,26.0,41,0.1,0.0,Cloudy
2024-03-28,Ankara,22.8,62,13.2,0.0,Sunny
2024-03-29,Ankara,15.6,77,20.9,1.5,Sunny
2024-03-30,Ankara,20.3,44,8.7,2.5,Cloudy
2024-03-31,Ankara,16.8,54,9.1,0.0,Cloudy
2024-04-01,Ankara,18.7,71,17.1,1.7,Cloudy
2024-04-02,Ankara,19.7,89,2.0,1.5,Rainy
2024-04-03,Ankara,18.0,45,21.1,5.5,Rainy
2024-04-04,Ankara,18.1,56,20.9,0.2,Rainy
2024-04-05,Ankara,30.4,61,6.8,0.0,Rainy
2024-04-06,Ankara,21.6,81,4.2,0.0,Foggy
2024-04-07,Ankara,19.1,70,3.8,0.4,Cloudy
2024-04-08,Ankara,18.6,88,22.9,0.0,Sunny
2024-04-09,Ankara,13.3,48,16.1,0.0,Sunny
2024-04-10,Ankara,,41,7.8,0.0,Cloudy
2024-04-11,Ankara,15.5,81,17.5,0.0,Rainy
2024-04-12,Ankara,23.2,61,10.1,0.0,Windy
2024-04-13,Ankara,13.1,77,5.3,0.0,Sunny
2024-04-14,Ankara,19.7,42,17.8,0.0,Cloudy
2024-04-15,Ankara,,61,20.1,0.0,Sunny
2024-04-16,Ankara,13.0,60,0.4,0.0,Windy
2024-04-17,Ankara,23.7,64,14.5,0.0,Windy
2024-04-18,Ankara,15.5,68,18.1,0.0,Rainy
2024-04-19,Ankara,23.3,54,19.9,0.0,Cloudy
2024-04-20,Ankara,17.6,87,8.8,0.1,Cloudy
2024-04-21,Ankara,19.2,43,20.0,0.2,Sunny
2024-04-22,Ankara,20.3,81,24.0,0.0,Sunny
2024-04-23,Ankara,9.2,79,2.4,1.5,Sunny
2024-04-24,Ankara,11.4,86,17.5,0.0,Rainy
2024-04-25,Ankara,19.9,49,1.4,0.0,Rainy
2024-04-26,Ankara,26.7,58,19.3,0.7,Sunny
2024-04-27,Ankara,16.0,76,8.7,0.0,Rainy
2024-04-28,Ankara,20.2,51,6.9,2.1,Rainy
2024-04-29,Ankara,12.4,40,8.2,0.0,Sunny
2024-04-30,Ankara,23.8,44,12.1,0.0,Sunny
2024-05-01,Ankara,10.3,59,23.9,1.0,Sunny
2024-05-02,Ankara,17.9,57,0.6,0.0,Cloudy
2024-05-03,Ankara,17.7,63,23.5,0.0,Sunny
2024-05-04,Ankara,27.1,64,19.0,2.6,Sunny
2024-05-05,Ankara,25.7,47,17.1,0.0,Sunny
2024-05-06,Ankara,19.4,71,2.6,0.0,Windy
2024-05-07,Ankara,21.5,64,2.5,0.0,Cloudy
2024-05-08,Ankara,7.0,56,3.0,0.0,Cloudy
2024-05-09,Ankara,20.9,48,12.4,0.0,Sunny
2024-05-10,Ankara,16.2,46,17.5,0.0,Sunny
2024-05-11,Ankara,13.1,89,2.3,0.5,Rainy
2024-05-12,Ankara,22.8,40,8.2,0.0,Sunny
2024-05-13,Ankara,9.8,71,24.0,0.0,Cloudy
2024-05-14,Ankara,21.0,72,24.4,0.0,Sunny
2024-05-15,Ankara,9.1,65,13.0,2.8,Sunny
2024-05-16,Ankara,14.4,50,11.2,1.8,Foggy
2024-05-17,Ankara,19.2,49,25.0,0.0,Windy
2024-05-18,Ankara,18.6,56,21.9,8.2,Sunny
2024-05-19,Ankara,14.1,54,13.5,4.5,Sunny
2024-05-20,Ankara,15.8,63,23.4,0.0,Foggy
2024-05-21,Ankara,17.3,64,13.7,0.0,Sunny
2024-05-22,Ankara,,60,3.4,0.0,Sunny
2024-05-23,Ankara,21.4,59,10.3,0.8,Cloudy
2024-05-24,Ankara,27.8,78,13.5,0.0,Cloudy
2024-05-25,Ankara,13.8,58,22.8,0.9,Sunny
2024-05-26,Ankara,17.4,58,21.7,0.0,Cloudy
2024-05-27,Ankara,19.8,48,20.6,1.7,Windy
2024-05-28,Ankara,17.2,42,14.0,1.6,Windy
2024-05-29,Ankara,26.6,67,12.8,0.1,Sunny
2024-05-30,Ankara,13.0,77,3.6,0.0,Rainy
2024-05-31,Ankara,11.8,66,14.8,4.9,Cloudy
2024-06-01,Ankara,12.1,74,15.6,4.4,Windy
2024-06-02,Ankara,6.8,74,11.2,0.0,Cloudy
2024-06-03,Ankara,15.9,73,2.6,0.0,Cloudy
2024-06-04,Ankara,10.2,75,3.0,0.0,Sunny
2024-06-05,Ankara,8.9,65,9.6,3.0,Windy
2024-06-06,Ankara,8.4,51,10.5,0.9,Cloudy
2024-06-07,Ankara,14.4,69,23.3,0.0,Sunny
2024-06-08,Ankara,13.3,51,2.5,0.0,Sunny
2024-06-09,Ankara,15.6,57,7.7,0.0,Sunny
2024-06-10,Ankara,,79,18.9,0.0,Sunny
2024-06-11,Ankara,,80,13.8,0.0,Windy
2024-06-12,Ankara,18.0,76,24.8,0.0,Sunny
2024-06-13,Ankara,20.2,48,13.0,0.0,Windy
2024-06-14,Ankara,18.5,73,16.4,0.0,Cloudy
2024-06-15,Ankara,5.2,62,2.1,0.0,Windy
2024-06-16,Ankara,10.6,62,2.6,0.0,Sunny
2024-06-17,Ankara,14.9,50,23.6,0.0,Sunny
2024-06-18,Ankara,17.0,89,7.2,3.7,Sunny
2024-06-19,Ankara,12.0,42,8.4,0.0,Sunny
2024-06-20,Ankara,5.9,70,17.4,0.0,Cloudy
2024-06-21,Ankara,13.5,59,14.7,0.0,Sunny
2024-06-22,Ankara,4.9,84,7.7,0.0,Cloudy
2024-06-23,Ankara,9.1,50,10.9,1.8,Sunny
2024-06-24,Ankara,13.9,85,5.1,1.5,Sunny
2024-06-25,Ankara,4.6,42,24.8,0.0,Rainy
2024-06-26,Ankara,19.3,53,1.5,6.1,Sunny
2024-06-27,Ankara,13.4,72,13.9,0.0,Windy
2024-06-28,Ankara,10.5,63,17.2,2.3,Sunny
2024-06-29,Ankara,14.9,76,14.9,0.0,Cloudy
2024-06-30,Ankara,12.8,45,11.5,0.0,Sunny
2024-07-01,Ankara,12.9,82,22.7,0.0,Rainy
2024-07-02,Ankara,11.1,50,7.5,1.9,Rainy
2024-07-03,Ankara,3.8,61,20.9,2.3,Foggy
2024-07-04,Ankara,4.7,72,18.5,0.0,Rainy
2024-07-05,Ankara,13.8,88,3.2,1.4,Foggy
2024-07-06,Ankara,8.2,61,20.5,1.8,Windy
2024-07-07,Ankara,6.0,82,11.0,0.0,Cloudy
2024-07-08,Ankara,7.1,61,22.9,0.0,Rainy
2024-07-09,Ankara,8.0,78,0.3,0.0,Sunny
2024-07-10,Ankara,11.7,46,19.3,0.0,Windy
2024-07-11,Ankara,6.2,69,24.2,3.7,Sunny
2024-07-12,Ankara,14.2,82,1.4,1.7,Windy
2024-07-13,Ankara,15.1,72,8.0,2.4,Sunny
2024-07-14,Ankara,3.3,56,18.4,0.0,Foggy
2024-07-15,Ankara,13.9,87,16.2,0.0,Cloudy
2024-07-16,Ankara,3.2,42,21.0,0.0,Foggy
2024-07-17,Ankara,15.6,86,3.0,0.0,Cloudy
2024-07-18,Ankara,16.5,81,2.0,0.0,Rainy
2024-07-19,Ankara,14.0,65,3.7,0.0,Sunny
2024-07-20,Ankara,1.6,74,14.4,0.2,Rainy
2024-07-21,Ankara,4.8,56,6.7,0.0,Sunny
2024-07-22,Ankara,-6.0,71,22.5,1.0,Cloudy
2024-07-23,Ankara,-7.1,87,4.9,1.0,Cloudy
2024-07-24,Ankara,3.9,63,1.2,4.2,Sunny
2024-07-25,Ankara,9.3,77,6.8,0.0,Windy
2024-07-26,Ankara,8.7,80,8.3,4.4,Cloudy
2024-07-27,Ankara,15.2,83,4.6,0.0,Foggy
2024-07-28,Ankara,7.8,44,15.2,0.0,Windy
2024-07-29,Ankara,-7.9,46,11.8,0.0,Windy
2024-07-30,Ankara,-4.8,62,10.2,0.0,Cloudy
2024-07-31,Ankara,3.3,80,1.2,1.7,Windy
2024-08-01,Ankara,12.4,79,2.9,0.0,Cloudy
2024-08-02,Ankara,7.6,52,23.2,0.0,Sunny
2024-08-03,Ankara,0.1,66,1.9,0.0,Cloudy
2024-08-04,Ankara,-1.3,85,17.7,0.0,Cloudy
2024-08-05,Ankara,2.0,49,23.0,1.5,Cloudy
2024-08-06,Ankara,-4.7,83,5.6,0.8,Cloudy
2024-08-07,Ankara,0.7,60,1.3,3.7,Windy
2024-08-08,Ankara,4.9,77,10.0,0.0,Sunny
2024-08-09,Ankara,,62,19.3,1.0,Sunny
2024-08-10,Ankara,6.3,67,15.5,0.0,Rainy
2024-08-11,Ankara,3.9,81,16.6,0.0,Sunny
2024-08-12,Ankara,-8.2,50,23.9,0.5,Cloudy
2024-08-13,Ankara,10.0,88,17.5,0.0,Sunny
2024-08-14,Ankara,1.3,71,4.4,0.0,Sunny
2024-08-15,Ankara,-0.2,81,20.6,0.0,Cloudy
2024-08-16,Ankara,1.2,57,14.5,4.3,Sunny
2024-08-17,Ankara,7.0,41,5.5,0.0,Sunny
2024-08-18,Ankara,-3.7,80,20.0,0.0,Sunny
2024-08-19,Ankara,-3.3,65,22.1,0.0,Sunny
2024-08-20,Ankara,-4.6,80,13.3,0.0,Sunny
2024-08-21,Ankara,3.3,57,11.1,0.0,Foggy
2024-08-22,Ankara,12.9,78,0.4,0.0,Rainy
2024-08-23,Ankara,6.0,61,8.2,0.0,Sunny
2024-08-24,Ankara,-2.0,48,9.3,0.0,Sunny
2024-08-25,Ankara,5.8,52,15.3,0.0,Sunny
2024-08-26,Ankara,0.8,64,16.6,0.0,Windy
2024-08-27,Ankara,4.5,60,19.3,0.0,Windy
2024-08-28,Ankara,7.7,89,3.6,1.0,Cloudy
2024-08-29,Ankara,8.7,88,19.7,4.5,Sunny
2024-08-30,Ankara,0.5,84,3.3,0.0,Cloudy
2024-08-31,Ankara,-2.4,58,14.4,0.0,Sunny
2024-09-01,Ankara,4.3,44,24.5,3.1,Windy
2024-09-02,Ankara,-4.1,45,14.8,0.0,Sunny
2024-09-03,Ankara,-6.0,57,21.8,0.0,Cloudy
2024-09-04,Ankara,2.9,46,22.2,0.4,Cloudy
2024-09-05,Ankara,3.1,72,18.4,2.3,Cloudy
2024-09-06,Ankara,6.5,72,14.2,2.1,Cloudy
2024-09-07,Ankara,-4.8,51,6.8,1.0,Foggy
2024-09-08,Ankara,-1.9,47,4.7,0.0,Rainy
2024-09-09,Ankara,7.0,70,13.7,3.6,Sunny
2024-09-10,Ankara,4.8,59,8.9,0.0,Cloudy
2024-09-11,Ankara,1.0,82,11.3,0.3,Sunny
2024-09-12,Ankara,3.6,41,6.3,0.0,Rainy
2024-09-13,Ankara,-1.8,50,0.8,0.0,Rainy
2024-09-14,Ankara,-1.4,70,12.2,0.0,Sunny
2024-09-15,Ankara,8.2,48,17.2,1.4,Cloudy
2024-09-16,Ankara,-2.0,45,20.5,0.0,Rainy
2024-09-17,Ankara,8.0,83,17.9,0.0,Rainy
2024-09-18,Ankara,2.5,87,3.5,0.8,Sunny
2024-09-19,Ankara,0.7,83,22.3,0.0,Sunny
2024-09-20,Ankara,-3.4,53,19.3,4.5,Rainy
2024-09-21,Ankara,2.0,72,19.3,0.0,Sunny
2024-09-22,Ankara,-3.3,84,23.2,1.1,Cloudy
2024-09-23,Ankara,-3.9,86,16.4,1.6,Cloudy
2024-09-24,Ankara,7.0,55,10.4,0.0,Sunny
2024-09-25,Ankara,-4.4,50,21.0,0.0,Cloudy
2024-09-26,Ankara,-3.3,43,23.9,0.0,Cloudy
2024-09-27,Ankara,,70,13.7,0.0,Sunny
2024-09-28,Ankara,2.0,87,13.7,1.2,Cloudy
2024-09-29,Ankara,-3.6,75,3.5,0.0,Cloudy
2024-09-30,Ankara,0.5,54,17.9,0.0,Rainy
2024-10-01,Ankara,-2.2,49,21.3,0.0,Windy
2024-10-02,Ankara,1.7,84,16.8,0.0,Rainy
2024-10-03,Ankara,5.5,58,21.0,0.0,Sunny
2024-10-04,Ankara,-0.3,73,2.9,0.0,Sunny
2024-10-05,Ankara,-8.4,87,10.1,0.0,Rainy
2024-10-06,Ankara,9.8,67,6.0,0.3,Sunny
2024-10-07,Ankara,-4.5,47,11.5,0.0,Foggy
2024-10-08,Ankara,2.1,43,20.2,0.0,Sunny
2024-10-09,Ankara,2.7,82,16.3,0.0,Cloudy
2024-10-10,Ankara,-1.6,78,9.3,0.0,Windy
2024-10-11,Ankara,4.1,54,6.8,2.7,Sunny
2024-10-12,Ankara,-6.0,75,18.5,0.0,Sunny
2024-10-13,Ankara,4.0,53,18.9,0.9,Cloudy
2024-10-14,Ankara,8.0,42,18.1,0.0,Sunny
2024-10-15,Ankara,3.1,88,0.8,0.0,Sunny
2024-10-16,Ankara,0.1,46,7.1,0.0,Cloudy
2024-10-17,Ankara,-3.5,58,24.3,0.0,Rainy
2024-10-18,Ankara,-0.6,51,9.9,0.0,Rainy
2024-10-19,Ankara,-6.4,40,2.5,0.0,Sunny
2024-10-20,Ankara,8.9,70,8.1,0.0,Rainy
2024-10-21,Ankara,0.6,81,12.8,0.0,Sunny
2024-10-22,Ankara,-1.2,68,9.8,4.1,Sunny
2024-10-23,Ankara,0.1,44,21.8,0.0,Cloudy
2024-10-24,Ankara,9.4,44,19.4,1.3,Windy
2024-10-25,Ankara,7.7,77,12.0,0.0,Cloudy
2024-10-26,Ankara,1.6,85,2.1,1.7,Cloudy
2024-10-27,Ankara,-3.4,45,21.4,0.0,Sunny
2024-10-28,Ankara,-3.3,64,14.2,0.0,Sunny
2024-10-29,Ankara,0.3,66,15.4,0.0,Windy
2024-10-30,Ankara,-2.9,62,0.7,0.0,Foggy
2024-10-31,Ankara,11.2,63,3.8,0.0,Cloudy
2024-11-01,Ankara,-7.2,58,13.7,0.0,Windy
2024-11-02,Ankara,-5.7,64,11.1,0.0,Sunny
2024-11-03,Ankara,2.2,89,1.0,11.1,Sunny
2024-11-04,Ankara,1.0,85,20.8,0.0,Windy
2024-11-05,Ankara,0.9,66,5.6,0.0,Cloudy
2024-11-06,Ankara,-9.3,61,19.7,0.0,Sunny
2024-11-07,Ankara,1.1,78,21.4,7.8,Rainy
2024-11-08,Ankara,4.5,41,0.1,0.0,Sunny
2024-11-09,Ankara,0.5,42,0.6,0.0,Sunny
2024-11-10,Ankara,3.0,77,22.8,0.0,Cloudy
2024-11-11,Ankara,3.9,58,21.4,0.7,Sunny
2024-11-12,Ankara,2.9,66,18.9,0.0,Rainy
2024-11-13,Ankara,2.3,62,10.7,0.0,Rainy
2024-11-14,Ankara,-2.6,77,0.6,0.0,Windy
2024-11-15,Ankara,2.2,63,8.1,2.8,Sunny
2024-11-16,Ankara,0.5,50,10.4,0.0,Windy
2024-11-17,Ankara,-0.5,62,11.2,0.7,Cloudy
2024-11-18,Ankara,-0.6,44,0.4,0.0,Cloudy
2024-11-19,Ankara,4.7,65,1.1,0.0,Foggy
2024-11-20,Ankara,5.1,63,6.6,6.8,Sunny
2024-11-21,Ankara,9.1,49,13.9,0.0,Windy
2024-11-22,Ankara,12.7,43,17.9,0.0,Sunny
2024-11-23,Ankara,1.5,44,10.7,0.5,Cloudy
2024-11-24,Ankara,4.9,52,13.3,0.0,Rainy
2024-11-25,Ankara,13.0,65,16.5,0.0,Rainy
2024-11-26,Ankara,-0.0,41,10.4,0.0,Windy
2024-11-27,Ankara,7.4,43,2.1,0.0,Cloudy
2024-11-28,Ankara,12.3,43,1.6,0.0,Cloudy
2024-11-29,Ankara,3.8,73,18.0,0.0,Sunny
2024-11-30,Ankara,9.3,78,22.8,0.0,Cloudy
2024-12-01,Ankara,0.1,87,21.7,0.6,Cloudy
2024-12-02,Ankara,11.2,85,4.6,0.0,Sunny
2024-12-03,Ankara,4.8,59,4.4,0.0,Windy
2024-12-04,Ankara,-6.2,62,16.7,0.0,Sunny
2024-12-05,Ankara,4.6,69,21.5,0.0,Sunny
2024-12-06,Ankara,8.0,59,21.0,0.5,Sunny
2024-12-07,Ankara,2.1,88,14.8,0.0,Sunny
2024-12-08,Ankara,7.9,79,10.0,1.0,Rainy
2024-12-09,Ankara,10.3,87,1.5,0.0,Sunny
2024-12-10,Ankara,-0.7,59,0.6,1.4,Sunny
2024-12-11,Ankara,11.5,87,18.0,0.0,Sunny
2024-12-12,Ankara,-2.2,80,0.4,0.0,Sunny
2024-12-13,Ankara,9.5,52,19.3,4.1,Sunny
2024-12-14,Ankara,9.6,87,21.9,0.0,Rainy
2024-12-15,Ankara,8.8,78,2.4,0.0,Cloudy
2024-12-16,Ankara,9.8,57,15.8,0.0,Cloudy
2024-12-17,Ankara,15.1,82,15.6,0.0,Sunny
2024-12-18,Ankara,15.3,67,21.5,1.6,Sunny
2024-12-19,Ankara,10.4,78,0.4,0.0,Cloudy
2024-12-20,Ankara,8.0,68,7.7,0.0,Foggy
2024-12-21,Ankara,9.7,56,5.0,0.0,Cloudy
2024-12-22,Ankara,5.3,83,16.0,0.0,Sunny
2024-12-23,Ankara,17.8,43,5.1,0.0,Cloudy
2024-12-24,Ankara,-0.5,64,14.2,0.0,Sunny
2024-12-25,Ankara,2.9,66,6.5,0.0,Cloudy
2024-12-26,Ankara,18.0,43,14.7,0.0,Cloudy
2024-12-27,Ankara,11.4,75,24.2,0.0,Sunny
2024-12-28,Ankara,11.4,53,6.2,0.0,Sunny
2024-12-29,Ankara,12.2,51,22.7,0.5,Rainy
2024-12-30,Ankara,8.6,84,10.6,0.0,Sunny
2023-01-01,Izmir,9.1,82,6.4,0.0,Cloudy
2023-01-02,Izmir,14.5,75,0.3,0.0,Sunny
2023-01-03,Izmir,16.8,83,13.6,3.2,Windy
2023-01-04,Izmir,10.6,62,18.2,0.0,Rainy
2023-01-05,Izmir,24.0,67,23.8,0.0,Sunny
2023-01-06,Izmir,14.2,53,22.4,0.0,Cloudy
2023-01-07,Izmir,18.1,86,11.8,0.0,Foggy
2023-01-08,Izmir,20.6,55,8.0,1.3,Windy
2023-01-09,Izmir,16.2,77,8.2,0.0,Sunny
2023-01-10,Izmir,24.3,80,21.6,0.0,Sunny
2023-01-11,Izmir,19.1,85,15.9,0.0,Cloudy
2023-01-12,Izmir,22.2,79,18.3,0.0,Rainy
2023-01-13,Izmir,16.2,72,18.2,9.6,Sunny
2023-01-14,Izmir,24.2,76,9.4,1.9,Rainy
2023-01-15,Izmir,17.9,68,1.9,1.8,Sunny
2023-01-16,Izmir,13.9,75,12.9,2.7,Sunny
2023-01-17,Izmir,21.8,61,13.6,2.2,Sunny
2023-01-18,Izmir,16.9,73,4.6,0.0,Sunny
2023-01-19,Izmir,15.8,46,3.5,0.0,Sunny
2023-01-20,Izmir,13.5,79,8.7,1.1,Rainy
2023-01-21,Izmir,21.0,86,3.7,0.0,Sunny
2023-01-22,Izmir,16.3,74,21.5,0.0,Rainy
2023-01-23,Izmir,16.8,89,20.7,0.0,Rainy
2023-01-24,Izmir,19.9,67,8.3,0.0,Sunny
2023-01-25,Izmir,12.7,82,11.5,1.0,Sunny
2023-01-26,Izmir,20.0,62,6.7,0.5,Sunny
2023-01-27,Izmir,12.3,68,12.2,0.0,Cloudy
2023-01-28,Izmir,17.5,47,6.5,0.0,Rainy
2023-01-29,Izmir,21.9,64,8.9,3.6,Rainy
2023-01-30,Izmir,14.9,76,9.0,0.0,Sunny
2023-01-31,Izmir,30.8,84,15.9,0.0,Sunny
2023-02-01,Izmir,16.1,82,16.0,0.9,Rainy
2023-02-02,Izmir,18.0,80,3.3,0.9,Rainy
2023-02-03,Izmir,22.1,87,22.2,2.2,Sunny
2023-02-04,Izmir,26.2,64,4.3,1.4,Windy
2023-02-05,Izmir,20.5,72,14.0,0.0,Sunny
2023-02-06,Izmir,21.5,79,2.7,0.0,Sunny
2023-02-07,Izmir,28.1,84,16.6,0.0,Cloudy
2023-02-08,Izmir,16.8,52,6.3,0.0,Sunny
2023-02-09,Izmir,21.1,79,18.8,0.0,Sunny
2023-02-10,Izmir,16.5,63,24.8,2.7,Rainy
2023-02-11,Izmir,23.1,86,14.4,1.4,Sunny
2023-02-12,Izmir,15.7,84,7.5,0.0,Sunny
2023-02-13,Izmir,22.6,80,8.3,1.2,Sunny
2023-02-14,Izmir,22.3,66,18.4,0.0,Foggy
2023-02-15,Izmir,29.4,65,16.8,0.0,Cloudy
2023-02-16,Izmir,22.5,75,5.6,0.0,Cloudy
2023-02-17,Izmir,20.7,89,20.9,0.0,Sunny
2023-02-18,Izmir,32.2,80,2.7,7.5,Rainy
2023-02-19,Izmir,33.9,51,13.7,0.0,Sunny
2023-02-20,Izmir,21.0,79,8.4,0.0,Windy
2023-02-21,Izmir,29.3,72,23.3,0.0,Cloudy
2023-02-22,Izmir,31.2,75,21.7,0.0,Cloudy
2023-02-23,Izmir,26.2,86,22.9,0.0,Sunny
2023-02-24,Izmir,14.2,65,2.7,5.2,Cloudy
2023-02-25,Izmir,26.9,74,17.3,0.0,Windy
2023-02-26,Izmir,14.0,71,1.7,0.0,Sunny
2023-02-27,Izmir,24.6,68,16.1,6.4,Foggy
2023-02-28,Izmir,27.9,82,18.1,0.0,Sunny
2023-03-01,Izmir,30.9,55,14.5,0.0,Rainy
2023-03-02,Izmir,26.5,78,8.5,1.3,Rainy
2023-03-03,Izmir,24.6,68,20.7,0.0,Rainy
2023-03-04,Izmir,27.8,72,11.9,0.0,Cloudy
2023-03-05,Izmir,23.7,68,12.4,0.0,Sunny
2023-03-06,Izmir,28.7,52,21.7,2.0,Sunny
2023-03-07,Izmir,32.1,68,9.3,1.1,Cloudy
2023-03-08,Izmir,23.0,74,2.0,0.0,Cloudy
2023-03-09,Izmir,35.9,71,8.6,2.1,Sunny
2023-03-10,Izmir,22.0,49,18.6,0.0,Sunny
2023-03-11,Izmir,28.5,82,2.5,0.0,Sunny
2023-03-12,Izmir,27.9,54,18.6,0.0,Windy
2023-03-13,Izmir,29.4,75,2.2,0.8,Rainy
2023-03-14,Izmir,,54,19.4,0.0,Rainy
2023-03-15,Izmir,34.9,46,3.3,1.2,Cloudy
2023-03-16,Izmir,23.4,78,23.4,2.3,Sunny
2023-03-17,Izmir,21.2,68,16.3,4.3,Cloudy
2023-03-18,Izmir,23.1,85,7.7,0.0,Cloudy
2023-03-19,Izmir,18.9,64,1.5,3.4,Cloudy
2023-03-20,Izmir,20.3,55,2.4,0.0,Cloudy
2023-03-21,Izmir,27.5,53,4.5,0.0,Cloudy
2023-03-22,Izmir,19.9,54,23.7,0.0,Cloudy
2023-03-23,Izmir,28.7,50,11.4,0.0,Sunny
2023-03-24,Izmir,32.4,79,2.4,3.7,Sunny
2023-03-25,Izmir,25.3,60,7.2,1.0,Rainy
2023-03-26,Izmir,20.8,85,24.5,1.5,Sunny
2023-03-27,Izmir,27.7,82,0.7,0.0,Sunny
2023-03-28,Izmir,25.2,65,2.2,0.0,Foggy
2023-03-29,Izmir,29.5,59,13.5,5.0,Cloudy
2023-03-30,Izmir,38.6,82,6.8,0.0,Windy
2023-03-31,Izmir,30.8,74,4.9,0.0,Cloudy
2023-04-01,Izmir,23.4,66,22.6,0.0,Cloudy
2023-04-02,Izmir,23.1,46,22.1,1.8,Sunny
2023-04-03,Izmir,29.3,69,17.0,0.2,Sunny
2023-04-04,Izmir,32.6,50,6.3,0.0,Cloudy
2023-04-05,Izmir,23.3,66,8.8,0.0,Cloudy
2023-04-06,Izmir,17.6,57,13.9,2.4,Cloudy
2023-04-07,Izmir,24.7,67,11.2,1.0,Rainy
2023-04-08,Izmir,35.5,88,0.5,0.0,Sunny
2023-04-09,Izmir,32.8,41,22.6,0.0,Foggy
2023-04-10,Izmir,15.4,50,6.9,0.0,Sunny
2023-04-11,Izmir,21.9,73,18.3,0.0,Cloudy
2023-04-12,Izmir,28.1,74,19.0,0.0,Cloudy
2023-04-13,Izmir,27.2,81,11.2,0.0,Rainy
2023-04-14,Izmir,21.2,58,19.7,0.0,Foggy
2023-04-15,Izmir,30.3,44,8.9,0.0,Cloudy
2023-04-16,Izmir,30.8,43,3.8,0.0,Rainy
2023-04-17,Izmir,25.3,63,2.7,0.0,Cloudy
2023-04-18,Izmir,30.3,65,17.9,2.0,Sunny
2023-04-19,Izmir,31.5,82,17.8,0.0,Cloudy
2023-04-20,Izmir,,54,6.2,0.0,Cloudy
2023-04-21,Izmir,,49,2.4,0.0,Sunny
2023-04-22,Izmir,30.2,64,1.7,0.3,Cloudy
2023-04-23,Izmir,23.9,46,20.4,0.0,Sunny
2023-04-24,Izmir,28.3,80,14.4,0.8,Cloudy
2023-04-25,Izmir,17.9,55,6.1,0.0,Cloudy
2023-04-26,Izmir,39.6,55,24.1,0.0,Sunny
2023-04-27,Izmir,28.9,46,17.3,1.8,Cloudy
2023-04-28,Izmir,18.0,64,3.6,1.3,Cloudy
2023-04-29,Izmir,24.8,70,5.8,0.0,Sunny
2023-04-30,Izmir,27.2,60,1.3,0.0,Sunny
2023-05-01,Izmir,31.2,74,6.0,0.0,Sunny
2023-05-02,Izmir,21.2,63,17.6,0.0,Rainy
2023-05-03,Izmir,32.5,53,15.9,0.0,Rainy
2023-05-04,Izmir,30.1,47,22.9,0.0,Rainy
2023-05-05,Izmir,30.1,66,8.7,0.0,Cloudy
2023-05-06,Izmir,16.9,67,24.6,0.0,Sunny
2023-05-07,Izmir,19.0,68,8.6,1.9,Sunny
2023-05-08,Izmir,23.6,79,18.9,0.0,Rainy
2023-05-09,Izmir,22.5,74,24.6,0.0,Sunny
2023-05-10,Izmir,19.6,88,7.7,0.0,Cloudy
2023-05-11,Izmir,23.7,41,10.7,0.0,Sunny
2023-05-12,Izmir,24.8,45,3.6,1.0,Sunny
2023-05-13,Izmir,24.7,74,23.0,0.0,Sunny
2023-05-14,Izmir,31.7,56,15.6,7.3,Cloudy
2023-05-15,Izmir,23.8,44,17.3,1.9,Sunny
2023-05-16,Izmir,32.6,89,24.9,0.4,Sunny
2023-05-17,Izmir,19.2,83,20.3,2.2,Rainy
2023-05-18,Izmir,19.6,76,24.2,0.1,Sunny
2023-05-19,Izmir,23.6,67,13.5,1.4,Sunny
2023-05-20,Izmir,22.3,82,10.4,0.0,Sunny
2023-05-21,Izmir,26.7,89,11.1,1.8,Sunny
2023-05-22,Izmir,27.1,89,12.4,1.6,Rainy
2023-05-23,Izmir,27.6,59,13.8,0.0,Sunny
2023-05-24,Izmir,11.3,59,23.3,0.0,Cloudy
2023-05-25,Izmir,22.6,86,12.4,0.0,Sunny
2023-05-26,Izmir,17.1,81,21.6,0.0,Windy
2023-05-27,Izmir,,82,20.9,0.0,Windy
2023-05-28,Izmir,18.2,88,15.6,0.0,Sunny
2023-05-29,Izmir,22.9,68,22.4,0.0,Cloudy
2023-05-30,Izmir,22.4,40,20.0,0.6,Cloudy
2023-05-31,Izmir,19.0,72,2.4,0.0,Sunny
2023-06-01,Izmir,33.1,47,6.2,0.0,Rainy
2023-06-02,Izmir,,49,21.6,1.7,Cloudy
2023-06-03,Izmir,13.8,69,13.0,1.0,Sunny
2023-06-04,Izmir,18.4,70,19.7,2.8,Sunny
2023-06-05,Izmir,17.0,63,17.5,2.8,Foggy
2023-06-06,Izmir,24.9,71,9.3,0.0,Foggy
2023-06-07,Izmir,19.8,61,3.1,0.0,Windy
2023-06-08,Izmir,16.3,89,7.4,0.0,Sunny
2023-06-09,Izmir,23.8,78,21.9,0.0,Sunny
2023-06-10,Izmir,21.3,60,13.0,0.0,Cloudy
2023-06-11,Izmir,15.9,57,18.6,0.0,Sunny
2023-06-12,Izmir,12.4,46,3.1,0.0,Sunny
2023-06-13,Izmir,19.4,86,4.9,1.5,Cloudy
2023-06-14,Izmir,19.0,41,21.6,0.0,Sunny
2023-06-15,Izmir,18.0,75,15.6,0.0,Sunny
2023-06-16,Izmir,20.0,45,14.4,0.2,Cloudy
2023-06-17,Izmir,13.7,86,13.8,5.3,Windy
2023-06-18,Izmir,17.5,74,15.4,0.0,Sunny
2023-06-19,Izmir,20.4,58,9.9,0.0,Rainy
2023-06-20,Izmir,18.9,71,11.9,0.0,Rainy
2023-06-21,Izmir,8.2,53,24.0,0.1,Windy
2023-06-22,Izmir,21.8,76,4.8,0.8,Sunny
2023-06-23,Izmir,27.2,87,13.6,2.6,Foggy
2023-06-24,Izmir,14.3,69,7.1,0.0,Sunny
2023-06-25,Izmir,13.0,88,13.8,0.0,Cloudy
2023-06-26,Izmir,16.0,50,16.5,0.0,Windy
2023-06-27,Izmir,16.3,50,16.9,0.0,Sunny
2023-06-28,Izmir,24.1,41,21.8,0.5,Sunny
2023-06-29,Izmir,20.0,54,4.8,0.0,Sunny
2023-06-30,Izmir,22.4,83,14.3,1.8,Windy
2023-07-01,Izmir,13.7,89,12.8,0.0,Sunny
2023-07-02,Izmir,24.2,79,16.2,0.0,Sunny
2023-07-03,Izmir,8.7,80,22.8,0.0,Cloudy
2023-07-04,Izmir,10.8,69,20.0,0.3,Sunny
2023-07-05,Izmir,,88,12.3,0.0,Cloudy
2023-07-06,Izmir,9.9,47,24.6,0.0,Rainy
2023-07-07,Izmir,7.8,41,23.8,0.0,Sunny
2023-07-08,Izmir,12.5,82,19.4,0.0,Windy
2023-07-09,Izmir,9.6,62,4.1,0.0,Cloudy
2023-07-10,Izmir,10.5,84,12.7,0.0,Cloudy
2023-07-11,Izmir,8.5,84,3.1,0.0,Rainy
2023-07-12,Izmir,17.3,88,7.2,0.0,Sunny
2023-07-13,Izmir,18.5,61,2.6,0.0,Cloudy
2023-07-14,Izmir,13.2,51,8.8,0.0,Sunny
2023-07-15,Izmir,22.1,79,10.5,0.0,Sunny
2023-07-16,Izmir,13.2,42,19.7,0.0,Sunny
2023-07-17,Izmir,13.5,59,2.8,0.0,Sunny
2023-07-18,Izmir,15.9,68,12.3,0.5,Sunny
2023-07-19,Izmir,7.4,61,0.3,0.0,Cloudy
2023-07-20,Izmir,17.0,87,2.3,0.0,Sunny
2023-07-21,Izmir,7.7,78,12.5,0.0,Rainy
2023-07-22,Izmir,8.5,44,24.7,0.0,Sunny
2023-07-23,Izmir,4.5,50,21.5,0.0,Rainy
2023-07-24,Izmir,18.0,88,15.8,0.0,Cloudy
2023-07-25,Izmir,4.0,49,11.6,0.0,Rainy
2023-07-26,Izmir,13.6,76,14.0,0.0,Windy
2023-07-27,Izmir,12.4,56,7.7,0.0,Windy
2023-07-28,Izmir,19.8,41,13.1,0.6,Sunny
2023-07-29,Izmir,13.7,58,24.8,1.7,Sunny
2023-07-30,Izmir,14.2,64,15.8,0.4,Rainy
2023-07-31,Izmir,16.2,45,1.9,0.0,Sunny
2023-08-01,Izmir,5.5,60,15.6,0.0,Rainy
2023-08-02,Izmir,13.1,67,10.5,0.0,Cloudy
2023-08-03,Izmir,10.5,53,12.5,0.0,Cloudy
2023-08-04,Izmir,4.8,58,8.2,0.0,Sunny
2023-08-05,Izmir,11.2,84,5.5,0.0,Cloudy
2023-08-06,Izmir,6.5,88,17.4,4.1,Rainy
2023-08-07,Izmir,16.7,53,20.8,0.0,Rainy
2023-08-08,Izmir,3.2,53,21.4,0.0,Rainy
2023-08-09,Izmir,7.6,88,0.1,1.2,Cloudy
2023-08-10,Izmir,8.9,49,6.9,0.0,Foggy
2023-08-11,Izmir,7.8,41,11.8,0.0,Cloudy
2023-08-12,Izmir,2.8,64,2.0,0.0,Windy
2023-08-13,Izmir,11.5,46,15.1,0.5,Windy
2023-08-14,Izmir,9.2,88,18.4,0.0,Windy
2023-08-15,Izmir,10.1,53,17.4,0.0,Rainy
2023-08-16,Izmir,6.9,43,4.8,1.5,Rainy
2023-08-17,Izmir,12.4,52,21.7,1.9,Windy
2023-08-18,Izmir,3.8,58,5.9,9.8,Cloudy
2023-08-19,Izmir,-2.0,74,23.4,0.0,Cloudy
2023-08-20,Izmir,7.8,48,7.5,1.1,Cloudy
2023-08-21,Izmir,11.6,44,9.8,0.0,Cloudy
2023-08-22,Izmir,10.1,86,16.2,0.0,Rainy
2023-08-23,Izmir,12.7,70,12.0,0.0,Cloudy
2023-08-24,Izmir,6.0,89,3.5,0.0,Cloudy
2023-08-25,Izmir,14.9,82,2.4,0.0,Sunny
2023-08-26,Izmir,3.7,67,9.0,0.0,Cloudy
2023-08-27,Izmir,10.1,43,13.8,1.5,Cloudy
2023-08-28,Izmir,4.7,43,17.8,0.0,Sunny
2023-08-29,Izmir,8.6,41,15.6,0.8,Windy
2023-08-30,Izmir,7.6,48,13.3,0.0,Sunny
2023-08-31,Izmir,12.6,49,1.9,0.0,Cloudy
2023-09-01,Izmir,3.0,54,18.4,0.0,Cloudy
2023-09-02,Izmir,10.2,48,23.4,0.0,Sunny
2023-09-03,Izmir,6.1,67,1.0,0.0,Rainy
2023-09-04,Izmir,6.6,47,0.3,0.0,Foggy
2023-09-05,Izmir,7.6,58,3.8,0.0,Rainy
2023-09-06,Izmir,10.6,89,20.4,3.3,Windy
2023-09-07,Izmir,10.4,51,16.3,0.0,Cloudy
2023-09-08,Izmir,10.7,45,14.0,0.0,Cloudy
2023-09-09,Izmir,5.7,46,14.8,0.0,Sunny
2023-09-10,Izmir,5.6,78,5.4,0.0,Windy
2023-09-11,Izmir,14.3,55,18.3,6.2,Cloudy
2023-09-12,Izmir,18.6,44,8.6,0.0,Sunny
2023-09-13,Izmir,4.0,89,19.3,0.0,Sunny
2023-09-14,Izmir,-2.8,62,24.1,0.0,Rainy
2023-09-15,Izmir,0.3,49,8.1,0.0,Cloudy
2023-09-16,Izmir,11.3,52,18.8,0.0,Sunny
2023-09-17,Izmir,5.9,47,15.2,0.0,Sunny
2023-09-18,Izmir,4.9,73,17.8,0.0,Rainy
2023-09-19,Izmir,10.1,47,11.9,0.0,Cloudy
2023-09-20,Izmir,16.8,58,24.8,0.0,Cloudy
2023-09-21,Izmir,10.6,49,7.9,0.0,Rainy
2023-09-22,Izmir,15.0,65,8.9,0.0,Windy
2023-09-23,Izmir,-2.5,85,21.5,3.5,Sunny
2023-09-24,Izmir,9.2,79,1.2,0.0,Sunny
2023-09-25,Izmir,5.8,72,14.9,0.0,Foggy
2023-09-26,Izmir,13.0,42,18.1,0.0,Sunny
2023-09-27,Izmir,10.0,48,5.9,4.7,Rainy
2023-09-28,Izmir,3.3,54,22.0,0.0,Sunny
2023-09-29,Izmir,7.3,51,17.4,0.2,Foggy
2023-09-30,Izmir,,81,7.5,0.0,Sunny
2023-10-01,Izmir,8.8,41,0.4,0.0,Cloudy
2023-10-02,Izmir,2.7,72,2.6,1.9,Cloudy
2023-10-03,Izmir,6.4,87,9.0,0.0,Sunny
2023-10-04,Izmir,11.0,62,17.9,0.8,Cloudy
2023-10-05,Izmir,3.5,70,8.5,0.0,Rainy
2023-10-06,Izmir,4.2,65,18.0,2.9,Sunny
2023-10-07,Izmir,-4.5,58,13.2,0.0,Windy
2023-10-08,Izmir,6.8,53,0.7,0.0,Sunny
2023-10-09,Izmir,6.6,77,1.5,0.4,Sunny
2023-10-10,Izmir,7.1,73,9.8,0.0,Rainy
2023-10-11,Izmir,8.8,64,3.6,0.0,Cloudy
2023-10-12,Izmir,-3.3,69,7.8,0.3,Sunny
2023-10-13,Izmir,-3.1,48,13.2,0.0,Rainy
2023-10-14,Izmir,-4.1,55,9.4,0.0,Cloudy
2023-10-15,Izmir,1.4,43,10.8,0.3,Sunny
2023-10-16,Izmir,18.4,62,4.3,0.0,Windy
2023-10-17,Izmir,9.2,52,24.1,0.0,Cloudy
2023-10-18,Izmir,6.8,59,7.2,0.0,Sunny
2023-10-19,Izmir,1.8,58,9.1,1.1,Rainy
2023-10-20,Izmir,2.3,71,24.1,0.7,Sunny
2023-10-21,Izmir,14.2,73,9.3,0.0,Windy
2023-10-22,Izmir,9.4,64,10.1,0.0,Cloudy
2023-10-23,Izmir,6.2,67,9.7,0.0,Rainy
2023-10-24,Izmir,2.4,88,3.8,0.0,Sunny
2023-10-25,Izmir,0.1,48,12.5,0.3,Sunny
2023-10-26,Izmir,4.3,84,16.6,0.0,Rainy
2023-10-27,Izmir,8.8,49,16.2,1.4,Sunny
2023-10-28,Izmir,5.3,54,4.7,1.5,Sunny
2023-10-29,Izmir,12.0,73,2.9,0.0,Cloudy
2023-10-30,Izmir,3.6,58,6.3,1.4,Sunny
2023-10-31,Izmir,8.2,78,19.4,0.0,Rainy
2023-11-01,Izmir,1.6,88,7.6,0.0,Sunny
2023-11-02,Izmir,0.8,74,24.4,0.0,Sunny
2023-11-03,Izmir,8.9,45,23.8,0.0,Cloudy
2023-11-04,Izmir,-1.1,77,8.5,0.0,Windy
2023-11-05,Izmir,17.2,60,2.9,0.0,Sunny
2023-11-06,Izmir,7.3,62,17.2,0.0,Sunny
2023-11-07,Izmir,12.7,87,10.3,0.0,Sunny
2023-11-08,Izmir,2.5,42,21.3,0.0,Sunny
2023-11-09,Izmir,11.5,78,4.8,0.0,Sunny
2023-11-10,Izmir,6.0,70,24.0,2.2,Windy
2023-11-11,Izmir,-2.5,51,13.1,0.0,Cloudy
2023-11-12,Izmir,14.9,65,13.7,0.0,Sunny
2023-11-13,Izmir,12.7,51,8.5,0.0,Rainy
2023-11-14,Izmir,14.1,70,21.5,0.0,Cloudy
2023-11-15,Izmir,14.5,40,13.4,0.0,Sunny
2023-11-16,Izmir,11.7,67,11.6,2.5,Windy
2023-11-17,Izmir,6.9,54,24.5,0.0,Cloudy
2023-11-18,Izmir,11.7,84,2.6,0.0,Rainy
2023-11-19,Izmir,12.4,81,1.6,0.0,Sunny
2023-11-20,Izmir,13.0,76,20.9,2.2,Sunny
2023-11-21,Izmir,13.4,42,9.5,0.0,Rainy
2023-11-22,Izmir,3.5,74,21.3,0.0,Rainy
2023-11-23,Izmir,11.1,45,21.9,0.0,Sunny
2023-11-24,Izmir,10.9,82,12.0,0.0,Sunny
2023-11-25,Izmir,9.5,65,18.4,0.0,Sunny
2023-11-26,Izmir,7.9,40,9.3,0.0,Windy
2023-11-27,Izmir,11.7,80,10.4,0.0,Sunny
2023-11-28,Izmir,15.1,51,18.5,5.3,Foggy
2023-11-29,Izmir,13.1,48,0.4,0.0,Windy
2023-11-30,Izmir,10.1,71,6.5,0.2,Sunny
2023-12-01,Izmir,4.0,53,19.0,0.0,Sunny
2023-12-02,Izmir,5.0,54,22.2,0.0,Sunny
2023-12-03,Izmir,15.5,61,0.1,0.0,Cloudy
2023-12-04,Izmir,13.8,65,8.3,0.0,Windy
2023-12-05,Izmir,15.8,55,6.6,0.0,Rainy
2023-12-06,Izmir,10.1,73,4.0,0.0,Rainy
2023-12-07,Izmir,16.9,56,23.2,0.2,Rainy
2023-12-08,Izmir,9.1,77,4.2,0.0,Sunny
2023-12-09,Izmir,17.5,55,12.4,0.0,Cloudy
2023-12-10,Izmir,10.7,73,8.7,0.0,Rainy
2023-12-11,Izmir,,87,6.9,0.0,Sunny
2023-12-12,Izmir,11.5,79,15.5,2.2,Sunny
2023-12-13,Izmir,14.7,63,5.1,0.0,Cloudy
2023-12-14,Izmir,15.5,71,23.7,0.0,Cloudy
2023-12-15,Izmir,11.3,81,18.2,0.0,Sunny
2023-12-16,Izmir,9.9,71,0.6,0.0,Cloudy
2023-12-17,Izmir,17.2,78,12.9,0.0,Rainy
2023-12-18,Izmir,20.9,75,21.5,0.0,Sunny
2023-12-19,Izmir,17.1,46,14.0,0.0,Sunny
2023-12-20,Izmir,12.1,40,15.7,0.0,Rainy
2023-12-21,Izmir,20.2,61,12.8,1.3,Cloudy
2023-12-22,Izmir,11.4,53,22.0,0.0,Rainy
2023-12-23,Izmir,6.5,57,5.7,0.0,Sunny
2023-12-24,Izmir,23.1,73,15.1,0.0,Sunny
2023-12-25,Izmir,18.5,51,14.2,3.2,Sunny
2023-12-26,Izmir,15.3,79,10.2,0.0,Foggy
2023-12-27,Izmir,13.8,46,19.2,0.0,Rainy
2023-12-28,Izmir,19.8,55,18.4,0.0,Sunny
2023-12-29,Izmir,22.0,76,8.5,0.0,Windy
2023-12-30,Izmir,13.4,57,0.6,0.0,Cloudy
2023-12-31,Izmir,14.4,83,13.4,0.0,Foggy
2024-01-01,Izmir,21.3,72,7.2,2.5,Rainy
2024-01-02,Izmir,22.0,64,12.5,3.1,Cloudy
2024-01-03,Izmir,11.3,67,2.8,0.7,Sunny
2024-01-04,Izmir,29.9,51,10.9,0.0,Foggy
2024-01-05,Izmir,26.0,62,6.6,0.0,Rainy
2024-01-06,Izmir,10.2,45,23.4,0.0,Rainy
2024-01-07,Izmir,27.4,45,0.8,0.0,Rainy
2024-01-08,Izmir,5.9,51,18.1,0.0,Cloudy
2024-01-09,Izmir,21.8,44,14.4,0.0,Cloudy
2024-01-10,Izmir,21.0,58,18.6,0.0,Cloudy
2024-01-11,Izmir,18.0,78,18.1,0.0,Cloudy
2024-01-12,Izmir,22.6,77,11.9,0.6,Cloudy
2024-01-13,Izmir,21.5,57,18.6,1.5,Cloudy
2024-01-14,Izmir,9.4,75,8.1,0.0,Windy
2024-01-15,Izmir,22.0,64,4.0,0.0,Sunny
2024-01-16,Izmir,22.7,87,20.6,0.4,Windy
2024-01-17,Izmir,22.9,41,12.8,0.0,Sunny
2024-01-18,Izmir,24.9,66,18.2,0.0,Sunny
2024-01-19,Izmir,25.9,64,5.3,0.0,Cloudy
2024-01-20,Izmir,17.9,82,18.1,0.0,Sunny
2024-01-21,Izmir,20.4,72,0.3,0.0,Rainy
2024-01-22,Izmir,18.0,75,24.2,0.0,Sunny
2024-01-23,Izmir,15.9,66,19.1,0.3,Cloudy
2024-01-24,Izmir,24.3,88,20.3,0.0,Sunny
2024-01-25,Izmir,12.5,70,9.4,2.0,Rainy
2024-01-26,Izmir,26.5,85,2.4,1.3,Foggy
2024-01-27,Izmir,16.5,58,2.3,0.0,Sunny
2024-01-28,Izmir,24.1,58,17.1,0.0,Sunny
2024-01-29,Izmir,35.5,79,18.4,0.0,Sunny
2024-01-30,Izmir,25.9,51,23.8,0.0,Cloudy
2024-01-31,Izmir,24.8,44,16.9,4.5,Cloudy
2024-02-01,Izmir,19.9,87,10.2,0.0,Windy
2024-02-02,Izmir,28.2,45,21.6,5.5,Sunny
2024-02-03,Izmir,25.6,45,22.0,0.0,Sunny
2024-02-04,Izmir,28.2,74,23.6,5.1,Cloudy
2024-02-05,Izmir,16.3,84,3.8,0.0,Foggy
2024-02-06,Izmir,27.1,87,23.4,0.0,Sunny
2024-02-07,Izmir,28.1,65,13.4,1.2,Sunny
2024-02-08,Izmir,24.3,50,9.8,6.2,Windy
2024-02-09,Izmir,23.9,85,21.3,0.0,Sunny
2024-02-10,Izmir,29.4,67,18.2,0.0,Rainy
2024-02-11,Izmir,16.0,69,3.6,0.6,Sunny
2024-02-12,Izmir,17.4,49,20.6,1.7,Sunny
2024-02-13,Izmir,24.7,40,24.9,0.2,Cloudy
2024-02-14,Izmir,26.4,48,4.6,1.7,Cloudy
2024-02-15,Izmir,22.9,41,1.6,0.0,Cloudy
2024-02-16,Izmir,24.8,69,16.5,0.0,Cloudy
2024-02-17,Izmir,20.9,71,17.4,0.0,Foggy
2024-02-18,Izmir,33.0,70,19.7,5.7,Sunny
2024-02-19,Izmir,26.6,59,22.8,0.0,Windy
2024-02-20,Izmir,23.6,72,16.7,0.1,Windy
2024-02-21,Izmir,25.8,50,12.0,0.0,Sunny
2024-02-22,Izmir,21.8,68,9.3,0.9,Sunny
2024-02-23,Izmir,23.9,87,3.2,0.0,Rainy
2024-02-24,Izmir,36.3,62,1.4,0.0,Sunny
2024-02-25,Izmir,20.8,87,18.2,0.0,Sunny
2024-02-26,Izmir,16.5,41,5.4,0.0,Sunny
2024-02-27,Izmir,27.3,69,13.8,6.4,Rainy
2024-02-28,Izmir,22.3,85,20.3,0.0,Rainy
2024-02-29,Izmir,18.2,41,22.7,0.0,Cloudy
2024-03-01,Izmir,20.8,68,5.3,0.0,Cloudy
2024-03-02,Izmir,26.0,85,20.7,0.8,Windy
2024-03-03,Izmir,28.5,67,20.4,3.4,Cloudy
2024-03-04,Izmir,21.5,75,17.8,0.0,Cloudy
2024-03-05,Izmir,27.0,47,11.5,0.0,Foggy
2024-03-06,Izmir,27.2,54,23.1,1.2,Rainy
2024-03-07,Izmir,26.8,76,8.7,0.0,Sunny
2024-03-08,Izmir,21.0,67,10.7,2.2,Sunny
2024-03-09,Izmir,17.3,78,2.5,0.0,Sunny
2024-03-10,Izmir,26.7,74,13.7,0.0,Windy
2024-03-11,Izmir,26.3,78,7.7,0.0,Foggy
2024-03-12,Izmir,19.2,49,14.6,0.0,Rainy
2024-03-13,Izmir,23.2,51,23.7,2.1,Cloudy
2024-03-14,Izmir,23.0,59,7.6,2.2,Cloudy
2024-03-15,Izmir,23.7,73,23.3,0.0,Sunny
2024-03-16,Izmir,25.8,55,13.6,0.6,Sunny
2024-03-17,Izmir,26.1,86,10.4,0.0,Sunny
2024-03-18,Izmir,26.4,78,16.7,0.4,Cloudy
2024-03-19,Izmir,22.9,75,18.6,2.2,Cloudy
2024-03-20,Izmir,23.6,52,18.5,0.0,Sunny
2024-03-21,Izmir,17.2,64,13.6,0.0,Cloudy
2024-03-22,Izmir,28.5,82,20.3,0.0,Rainy
2024-03-23,Izmir,18.6,80,13.2,0.0,Sunny
2024-03-24,Izmir,26.4,88,10.0,1.0,Sunny
2024-03-25,Izmir,18.8,62,21.9,0.0,Cloudy
2024-03-26,Izmir,23.2,84,22.2,3.0,Cloudy
2024-03-27,Izmir,25.1,59,7.2,4.3,Sunny
2024-03-28,Izmir,34.8,51,18.2,0.0,Sunny
2024-03-29,Izmir,23.8,73,0.9,0.0,Foggy
2024-03-30,Izmir,30.1,82,0.3,0.0,Rainy
2024-03-31,Izmir,36.7,64,20.3,1.5,Windy
2024-04-01,Izmir,24.2,52,24.2,0.4,Windy
2024-04-02,Izmir,37.6,42,21.2,0.0,Sunny
2024-04-03,Izmir,23.4,64,24.8,0.0,Sunny
2024-04-04,Izmir,25.5,53,11.0,0.0,Cloudy
2024-04-05,Izmir,14.8,65,0.9,2.3,Foggy
2024-04-06,Izmir,34.7,40,12.1,0.0,Windy
2024-04-07,Izmir,20.0,47,4.5,0.6,Windy
2024-04-08,Izmir,25.8,61,4.3,1.4,Sunny
2024-04-09,Izmir,32.4,51,19.2,0.0,Rainy
2024-04-10,Izmir,23.8,81,19.8,0.4,Rainy
2024-04-11,Izmir,30.7,51,11.0,0.3,Cloudy
2024-04-12,Izmir,24.2,58,19.3,0.8,Cloudy
2024-04-13,Izmir,29.1,79,9.2,2.4,Cloudy
2024-04-14,Izmir,28.8,77,13.7,0.0,Sunny
2024-04-15,Izmir,30.1,61,15.2,0.0,Sunny
2024-04-16,Izmir,18.9,69,24.0,0.0,Sunny
2024-04-17,Izmir,24.5,57,23.9,1.0,Sunny
2024-04-18,Izmir,31.2,72,18.8,0.0,Sunny
2024-04-19,Izmir,18.7,48,23.3,0.1,Cloudy
2024-04-20,Izmir,30.7,70,3.3,0.0,Sunny
2024-04-21,Izmir,16.8,61,8.2,3.5,Windy
2024-04-22,Izmir,23.7,64,0.3,0.0,Sunny
2024-04-23,Izmir,25.6,83,12.5,1.1,Cloudy
2024-04-24,Izmir,21.3,54,14.6,0.0,Cloudy
2024-04-25,Izmir,22.7,55,19.8,0.0,Cloudy
2024-04-26,Izmir,30.0,59,11.4,0.0,Cloudy
2024-04-27,Izmir,28.2,51,3.0,0.0,Rainy
2024-04-28,Izmir,28.4,52,8.1,0.0,Cloudy
2024-04-29,Izmir,31.1,72,13.1,5.7,Foggy
2024-04-30,Izmir,21.4,42,16.4,0.0,Cloudy
2024-05-01,Izmir,26.9,48,6.7,0.0,Rainy
2024-05-02,Izmir,13.3,81,17.0,0.0,Cloudy
2024-05-03,Izmir,20.3,68,11.4,0.0,Sunny
2024-05-04,Izmir,18.2,49,21.9,0.0,Cloudy
2024-05-05,Izmir,25.1,86,24.1,0.0,Cloudy
2024-05-06,Izmir,18.1,60,17.5,0.0,Cloudy
2024-05-07,Izmir,27.9,63,23.2,0.6,Sunny
2024-05-08,Izmir,20.8,67,23.6,0.0,Cloudy
2024-05-09,Izmir,22.8,81,20.0,0.0,Cloudy
2024-05-10,Izmir,25.6,57,15.0,0.0,Sunny
2024-05-11,Izmir,29.0,45,13.8,0.0,Sunny
2024-05-12,Izmir,20.7,63,3.8,0.9,Sunny
2024-05-13,Izmir,22.9,64,20.3,0.7,Sunny
2024-05-14,Izmir,,85,7.7,0.0,Sunny
2024-05-15,Izmir,28.7,53,16.5,0.0,Sunny
2024-05-16,Izmir,26.4,61,9.6,0.0,Sunny
2024-05-17,Izmir,17.9,41,20.1,0.0,Sunny
2024-05-18,Izmir,23.4,54,10.3,0.0,Windy
2024-05-19,Izmir,19.1,87,21.7,3.2,Cloudy
2024-05-20,Izmir,20.0,73,21.7,5.3,Rainy
2024-05-21,Izmir,22.3,42,24.7,0.0,Rainy
2024-05-22,Izmir,20.3,81,22.3,0.0,Windy
2024-05-23,Izmir,28.2,78,24.3,0.0,Sunny
2024-05-24,Izmir,31.8,78,15.3,0.0,Foggy
2024-05-25,Izmir,26.9,40,0.7,0.0,Cloudy
2024-05-26,Izmir,16.5,52,23.4,0.2,Sunny
2024-05-27,Izmir,25.4,75,15.8,2.2,Rainy
2024-05-28,Izmir,21.0,67,1.2,7.3,Rainy
2024-05-29,Izmir,25.0,50,9.8,0.0,Sunny
2024-05-30,Izmir,21.6,64,5.9,0.0,Rainy
2024-05-31,Izmir,20.8,40,20.3,0.2,Cloudy
2024-06-01,Izmir,15.5,89,14.0,2.6,Cloudy
2024-06-02,Izmir,22.8,41,8.5,0.9,Sunny
2024-06-03,Izmir,26.6,47,1.2,0.0,Cloudy
2024-06-04,Izmir,23.1,63,0.3,0.0,Sunny
2024-06-05,Izmir,22.2,50,23.4,0.0,Windy
2024-06-06,Izmir,25.6,86,1.9,0.0,Sunny
2024-06-07,Izmir,24.0,73,10.3,0.0,Cloudy
2024-06-08,Izmir,20.5,53,1.4,1.1,Windy
2024-06-09,Izmir,14.0,85,14.0,0.0,Sunny
2024-06-10,Izmir,18.3,41,6.3,0.0,Rainy
2024-06-11,Izmir,22.5,49,8.1,0.0,Sunny
2024-06-12,Izmir,19.2,74,13.6,0.0,Sunny
2024-06-13,Izmir,19.1,52,7.2,7.7,Cloudy
2024-06-14,Izmir,21.4,41,2.3,0.0,Foggy
2024-06-15,Izmir,22.1,72,8.2,0.0,Windy
2024-06-16,Izmir,16.6,78,0.6,0.0,Cloudy
2024-06-17,Izmir,16.1,67,21.8,0.0,Foggy
2024-06-18,Izmir,25.2,53,11.6,0.0,Sunny
2024-06-19,Izmir,19.3,59,12.0,0.0,Rainy
2024-06-20,Izmir,16.5,70,24.1,0.0,Rainy
2024-06-21,Izmir,29.7,55,8.2,0.0,Sunny
2024-06-22,Izmir,15.7,58,9.4,0.0,Sunny
2024-06-23,Izmir,16.3,67,17.8,0.0,Sunny
2024-06-24,Izmir,8.6,58,9.2,0.0,Sunny
2024-06-25,Izmir,14.2,57,3.1,0.0,Sunny
2024-06-26,Izmir,20.9,65,0.7,0.0,Windy
2024-06-27,Izmir,13.9,75,20.6,4.1,Foggy
2024-06-28,Izmir,20.0,48,22.5,1.8,Cloudy
2024-06-29,Izmir,25.6,72,21.6,0.0,Sunny
2024-06-30,Izmir,8.6,68,10.2,0.0,Cloudy
2024-07-01,Izmir,8.6,42,18.1,0.0,Cloudy
2024-07-02,Izmir,16.5,41,24.8,0.0,Sunny
2024-07-03,Izmir,8.2,61,17.6,0.0,Cloudy
2024-07-04,Izmir,12.9,56,16.5,3.6,Sunny
2024-07-05,Izmir,16.4,59,10.5,0.0,Sunny
2024-07-06,Izmir,10.1,45,4.8,0.0,Rainy
2024-07-07,Izmir,22.3,60,14.6,4.1,Cloudy
2024-07-08,Izmir,16.7,77,4.9,0.9,Windy
2024-07-09,Izmir,11.2,40,19.5,0.8,Sunny
2024-07-10,Izmir,16.4,87,17.1,0.0,Sunny
2024-07-11,Izmir,18.6,50,13.4,0.6,Rainy
2024-07-12,Izmir,21.8,75,7.7,0.0,Sunny
2024-07-13,Izmir,,76,13.0,2.8,Rainy
2024-07-14,Izmir,15.0,40,12.1,0.0,Foggy
2024-07-15,Izmir,13.0,88,24.6,0.0,Cloudy
2024-07-16,Izmir,18.8,49,20.0,0.0,Sunny
2024-07-17,Izmir,22.5,47,2.2,0.3,Sunny
2024-07-18,Izmir,18.3,58,23.8,0.8,Foggy
2024-07-19,Izmir,16.8,75,22.1,0.1,Sunny
2024-07-20,Izmir,8.8,82,21.9,0.0,Cloudy
2024-07-21,Izmir,22.4,86,14.7,0.0,Sunny
2024-07-22,Izmir,11.5,58,12.6,0.2,Cloudy
2024-07-23,Izmir,12.9,51,15.3,4.1,Foggy
2024-07-24,Izmir,9.5,56,22.8,0.0,Sunny
2024-07-25,Izmir,11.4,69,20.1,0.0,Rainy
2024-07-26,Izmir,13.5,82,13.8,2.9,Windy
2024-07-27,Izmir,11.6,48,3.4,0.0,Cloudy
2024-07-28,Izmir,7.5,56,0.1,0.0,Cloudy
2024-07-29,Izmir,19.1,79,17.9,0.0,Sunny
2024-07-30,Izmir,2.9,88,19.4,0.0,Sunny
2024-07-31,Izmir,12.1,49,19.7,0.0,Cloudy
2024-08-01,Izmir,7.0,84,5.4,0.0,Windy
2024-08-02,Izmir,11.2,68,16.3,0.0,Rainy
2024-08-03,Izmir,3.3,57,7.4,0.0,Rainy
2024-08-04,Izmir,14.8,76,19.9,1.5,Sunny
2024-08-05,Izmir,11.8,78,21.8,0.0,Cloudy
2024-08-06,Izmir,9.8,65,8.9,0.2,Sunny
2024-08-07,Izmir,7.7,79,1.1,0.0,Windy
2024-08-08,Izmir,9.7,50,9.4,0.0,Sunny
2024-08-09,Izmir,18.2,70,8.3,0.4,Sunny
2024-08-10,Izmir,6.7,55,21.4,0.8,Sunny
2024-08-11,Izmir,3.3,86,15.9,0.0,Sunny
2024-08-12,Izmir,7.2,45,23.0,0.0,Rainy
2024-08-13,Izmir,15.8,59,14.8,2.3,Windy
2024-08-14,Izmir,9.7,43,24.9,0.0,Cloudy
2024-08-15,Izmir,4.6,55,4.0,0.0,Sunny
2024-08-16,Izmir,7.8,68,19.8,0.0,Sunny
2024-08-17,Izmir,10.0,76,17.9,0.0,Rainy
2024-08-18,Izmir,7.5,87,7.8,2.6,Sunny
2024-08-19,Izmir,23.7,73,21.0,0.0,Rainy
2024-08-20,Izmir,13.4,64,19.8,5.1,Cloudy
2024-08-21,Izmir,14.3,46,1.5,0.4,Sunny
2024-08-22,Izmir,13.0,82,4.9,0.0,Sunny
2024-08-23,Izmir,9.4,75,10.7,3.1,Sunny
2024-08-24,Izmir,1.9,59,17.2,0.0,Sunny
2024-08-25,Izmir,10.7,86,17.8,0.0,Cloudy
2024-08-26,Izmir,11.1,75,18.7,0.0,Cloudy
2024-08-27,Izmir,8.8,81,18.4,0.8,Cloudy
2024-08-28,Izmir,10.6,75,0.8,0.0,Sunny
2024-08-29,Izmir,7.9,51,24.0,0.0,Sunny
2024-08-30,Izmir,8.7,85,19.1,0.0,Cloudy
2024-08-31,Izmir,10.1,43,6.9,0.0,Rainy
2024-09-01,Izmir,12.0,51,22.5,0.0,Rainy
2024-09-02,Izmir,7.7,58,16.6,0.0,Cloudy
2024-09-03,Izmir,12.1,87,20.0,0.0,Sunny
2024-09-04,Izmir,4.1,65,24.7,0.0,Rainy
2024-09-05,Izmir,4.1,81,16.3,0.0,Cloudy
2024-09-06,Izmir,11.6,59,0.9,2.3,Sunny
2024-09-07,Izmir,8.9,79,0.1,0.0,Sunny
2024-09-08,Izmir,4.8,85,19.8,0.0,Cloudy
2024-09-09,Izmir,-8.3,89,17.3,0.0,Sunny
2024-09-10,Izmir,11.1,72,18.8,0.0,Sunny
2024-09-11,Izmir,7.5,40,22.0,1.3,Sunny
2024-09-12,Izmir,4.4,57,1.2,1.5,Cloudy
2024-09-13,Izmir,7.1,83,23.7,0.0,Cloudy
2024-09-14,Izmir,5.9,57,16.0,0.0,Sunny
2024-09-15,Izmir,4.4,54,0.9,0.1,Rainy
2024-09-16,Izmir,6.6,55,24.7,1.1,Cloudy
2024-09-17,Izmir,7.4,83,24.4,0.0,Rainy
2024-09-18,Izmir,6.7,55,4.5,2.1,Sunny
2024-09-19,Izmir,8.7,49,4.0,0.0,Foggy
2024-09-20,Izmir,4.2,81,9.8,0.0,Sunny
2024-09-21,Izmir,7.0,61,4.9,0.0,Sunny
2024-09-22,Izmir,-2.7,59,22.5,0.0,Cloudy
2024-09-23,Izmir,7.5,87,1.1,0.0,Windy
2024-09-24,Izmir,0.8,84,5.2,0.0,Sunny
2024-09-25,Izmir,0.9,65,2.0,0.0,Cloudy
2024-09-26,Izmir,7.7,41,4.5,0.0,Windy
2024-09-27,Izmir,7.4,50,21.2,2.3,Sunny
2024-09-28,Izmir,4.3,89,23.8,0.0,Sunny
2024-09-29,Izmir,9.7,43,3.0,0.0,Cloudy
2024-09-30,Izmir,12.9,87,2.4,0.0,Sunny
2024-10-01,Izmir,8.2,51,15.7,0.9,Foggy
2024-10-02,Izmir,4.8,44,7.6,0.5,Sunny
2024-10-03,Izmir,12.0,40,11.0,0.0,Cloudy
2024-10-04,Izmir,-2.6,69,6.1,0.0,Rainy
2024-10-05,Izmir,12.9,74,11.0,0.0,Rainy
2024-10-06,Izmir,13.5,73,24.1,0.0,Rainy
2024-10-07,Izmir,8.0,59,2.5,0.0,Cloudy
2024-10-08,Izmir,9.5,60,5.8,0.0,Sunny
2024-10-09,Izmir,3.6,87,19.2,0.0,Cloudy
2024-10-10,Izmir,9.3,51,11.1,0.0,Rainy
2024-10-11,Izmir,0.1,53,7.1,0.0,Cloudy
2024-10-12,Izmir,2.3,59,21.1,0.0,Cloudy
2024-10-13,Izmir,7.5,82,2.3,0.7,Foggy
2024-10-14,Izmir,8.3,41,9.3,0.0,Cloudy
2024-10-15,Izmir,14.3,71,22.4,0.0,Rainy
2024-10-16,Izmir,7.2,81,15.8,0.0,Cloudy
2024-10-17,Izmir,8.2,72,24.9,0.0,Cloudy
2024-10-18,Izmir,5.7,71,18.7,0.0,Sunny
2024-10-19,Izmir,17.5,71,2.9,0.0,Sunny
2024-10-20,Izmir,,81,0.9,0.0,Cloudy
2024-10-21,Izmir,11.0,42,23.0,0.0,Cloudy
2024-10-22,Izmir,13.0,72,18.8,0.0,Cloudy
2024-10-23,Izmir,3.8,63,11.4,0.5,Sunny
2024-10-24,Izmir,-2.3,52,23.9,0.0,Sunny
2024-10-25,Izmir,5.6,83,20.2,0.0,Windy
2024-10-26,Izmir,7.6,70,19.0,0.0,Sunny
2024-10-27,Izmir,15.1,88,22.3,1.8,Sunny
2024-10-28,Izmir,6.2,74,22.3,0.0,Foggy
2024-10-29,Izmir,6.5,72,11.4,0.0,Sunny
2024-10-30,Izmir,11.9,70,13.3,0.1,Cloudy
2024-10-31,Izmir,13.8,41,3.4,0.0,Cloudy
2024-11-01,Izmir,18.7,45,16.2,0.0,Cloudy
2024-11-02,Izmir,11.4,80,11.8,1.8,Sunny
2024-11-03,Izmir,7.0,83,16.2,1.7,Foggy
2024-11-04,Izmir,11.8,58,22.7,0.0,Sunny
2024-11-05,Izmir,4.9,58,0.1,0.0,Sunny
2024-11-06,Izmir,-1.4,85,8.6,0.8,Sunny
2024-11-07,Izmir,3.0,47,7.4,0.7,Cloudy
2024-11-08,Izmir,8.3,50,24.3,0.0,Sunny
2024-11-09,Izmir,16.4,45,11.8,0.0,Cloudy
2024-11-10,Izmir,9.3,74,13.8,0.0,Cloudy
2024-11-11,Izmir,4.2,87,24.9,8.0,Windy
2024-11-12,Izmir,13.6,48,15.1,0.0,Sunny
2024-11-13,Izmir,6.2,57,16.5,0.0,Sunny
2024-11-14,Izmir,13.2,66,1.6,0.5,Sunny
2024-11-15,Izmir,4.2,60,7.1,0.2,Sunny
2024-11-16,Izmir,16.8,73,6.5,0.0,Cloudy
2024-11-17,Izmir,1.1,89,12.6,0.0,Cloudy
2024-11-18,Izmir,12.8,87,8.7,1.9,Sunny
2024-11-19,Izmir,13.9,89,14.2,1.8,Cloudy
2024-11-20,Izmir,16.0,50,0.9,0.0,Rainy
2024-11-21,Izmir,4.8,67,23.2,0.0,Cloudy
2024-11-22,Izmir,6.6,85,13.7,0.2,Windy
2024-11-23,Izmir,16.2,77,7.4,0.8,Sunny
2024-11-24,Izmir,8.9,51,2.8,0.3,Cloudy
2024-11-25,Izmir,9.9,46,20.9,3.0,Cloudy
2024-11-26,Izmir,17.3,47,0.0,0.0,Sunny
2024-11-27,Izmir,8.2,41,17.9,0.0,Sunny
2024-11-28,Izmir,7.7,69,15.0,0.0,Sunny
2024-11-29,Izmir,12.3,55,19.8,0.4,Rainy
2024-11-30,Izmir,3.6,75,8.2,5.7,Cloudy
2024-12-01,Izmir,8.2,64,15.8,0.0,Cloudy
2024-12-02,Izmir,7.5,50,5.7,3.7,Cloudy
2024-12-03,Izmir,11.7,62,0.6,0.0,Sunny
2024-12-04,Izmir,15.8,81,6.6,0.0,Sunny
2024-12-05,Izmir,23.0,49,21.5,0.0,Rainy
2024-12-06,Izmir,11.3,52,2.8,1.7,Windy
2024-12-07,Izmir,16.9,54,13.3,0.0,Rainy
2024-12-08,Izmir,13.7,88,0.8,0.0,Sunny
2024-12-09,Izmir,2.5,44,23.2,0.0,Sunny
2024-12-10,Izmir,17.9,54,5.7,3.6,Sunny
2024-12-11,Izmir,12.3,76,16.5,0.0,Sunny
2024-12-12,Izmir,11.0,89,17.8,0.0,Rainy
2024-12-13,Izmir,16.9,73,6.9,0.0,Rainy
2024-12-14,Izmir,0.9,78,22.7,0.0,Rainy
2024-12-15,Izmir,16.7,70,2.6,0.0,Sunny
2024-12-16,Izmir,11.2,73,14.8,0.0,Cloudy
2024-12-17,Izmir,14.8,49,19.2,0.0,Rainy
2024-12-18,Izmir,9.6,68,1.9,3.1,Cloudy
2024-12-19,Izmir,7.1,56,20.2,0.0,Windy
2024-12-20,Izmir,9.9,61,7.7,0.0,Sunny
2024-12-21,Izmir,16.6,43,0.5,0.0,Windy
2024-12-22,Izmir,10.8,88,23.6,0.0,Foggy
2024-12-23,Izmir,11.7,59,2.4,0.0,Sunny
2024-12-24,Izmir,9.5,75,1.5,0.0,Sunny
2024-12-25,Izmir,2.1,73,11.9,0.0,Cloudy
2024-12-26,Izmir,15.2,66,15.1,6.9,Cloudy
2024-12-27,Izmir,16.4,82,1.3,0.0,Rainy
2024-12-28,Izmir,16.4,69,22.0,1.8,Sunny
2024-12-29,Izmir,14.3,43,13.1,0.0,Cloudy
2024-12-30,Izmir,11.9,77,4.3,0.2,Sunny
